-- MariaDB dump 10.19  Distrib 10.4.32-MariaDB, for Win64 (AMD64)
--
-- Host: localhost    Database: AcademiaMusica
-- ------------------------------------------------------
-- Server version	10.4.32-MariaDB

/*!40101 SET @OLD_CHARACTER_SET_CLIENT=@@CHARACTER_SET_CLIENT */;
/*!40101 SET @OLD_CHARACTER_SET_RESULTS=@@CHARACTER_SET_RESULTS */;
/*!40101 SET @OLD_COLLATION_CONNECTION=@@COLLATION_CONNECTION */;
/*!40101 SET NAMES utf8mb4 */;
/*!40103 SET @OLD_TIME_ZONE=@@TIME_ZONE */;
/*!40103 SET TIME_ZONE='+00:00' */;
/*!40014 SET @OLD_UNIQUE_CHECKS=@@UNIQUE_CHECKS, UNIQUE_CHECKS=0 */;
/*!40014 SET @OLD_FOREIGN_KEY_CHECKS=@@FOREIGN_KEY_CHECKS, FOREIGN_KEY_CHECKS=0 */;
/*!40101 SET @OLD_SQL_MODE=@@SQL_MODE, SQL_MODE='NO_AUTO_VALUE_ON_ZERO' */;
/*!40111 SET @OLD_SQL_NOTES=@@SQL_NOTES, SQL_NOTES=0 */;

--
-- Table structure for table `alumno_clases`
--

DROP TABLE IF EXISTS `alumno_clases`;
/*!40101 SET @saved_cs_client     = @@character_set_client */;
/*!40101 SET character_set_client = utf8 */;
CREATE TABLE `alumno_clases` (
  `alumno_curp` varchar(18) NOT NULL,
  `clase_id` int(11) NOT NULL,
  `fecha_inscripcion` timestamp NOT NULL DEFAULT current_timestamp(),
  PRIMARY KEY (`alumno_curp`,`clase_id`),
  KEY `clase_id` (`clase_id`),
  CONSTRAINT `alumno_clases_ibfk_1` FOREIGN KEY (`alumno_curp`) REFERENCES `alumnos` (`curp`) ON DELETE CASCADE,
  CONSTRAINT `alumno_clases_ibfk_2` FOREIGN KEY (`clase_id`) REFERENCES `clases` (`id`) ON DELETE CASCADE
) ENGINE=InnoDB DEFAULT CHARSET=utf8mb4 COLLATE=utf8mb4_general_ci;
/*!40101 SET character_set_client = @saved_cs_client */;

--
-- Dumping data for table `alumno_clases`
--

LOCK TABLES `alumno_clases` WRITE;
/*!40000 ALTER TABLE `alumno_clases` DISABLE KEYS */;
INSERT INTO `alumno_clases` VALUES ('AIEC150601MCLVSRA0',1,'2025-07-10 06:59:19'),('AIEC150601MCLVSRA0',2,'2025-07-10 06:59:19'),('AIEC150601MCLVSRA0',6,'2025-07-10 06:59:19'),('AITB140621MCLVTRA8',1,'2025-07-10 07:04:17'),('AITM161119MCLVTRA8',2,'2025-07-10 07:04:01'),('AITM161119MCLVTRA8',5,'2025-07-10 07:04:01'),('AITM161119MCLVTRA8',6,'2025-07-10 07:04:01'),('AUVF180315MCLRLTA0',6,'2025-07-10 22:16:05'),('CAAM130925HCLBNTA4',3,'2025-07-10 06:57:45'),('CAMS031231HCLHRNA3',2,'2025-07-10 06:58:06'),('EISP080622MCLLRMA1',2,'2025-07-10 06:57:18'),('EISP080622MCLLRMA1',6,'2025-07-10 06:57:18'),('JIBA620910MCLMRN00',2,'2025-07-10 22:16:27'),('MAAC010901HCLRLHA2',1,'2025-07-10 22:16:41'),('MAAC010901HCLRLHA2',4,'2025-07-10 22:16:42'),('MEML140402HCLNNSA1',1,'2025-07-10 06:55:24'),('MEMT170125HCLNNHA9',5,'2025-07-10 06:56:01'),('MOCM591215HCLRNR09',4,'2025-07-10 22:17:02'),('MUGA150502MCLXRLA8',2,'2025-07-10 22:17:17'),('PEPS110620HCLRRNA3',1,'2025-07-10 22:17:32'),('PUEJ140618HCLNSNA6',2,'2025-07-10 06:56:36');
/*!40000 ALTER TABLE `alumno_clases` ENABLE KEYS */;
UNLOCK TABLES;

--
-- Table structure for table `alumnos`
--

DROP TABLE IF EXISTS `alumnos`;
/*!40101 SET @saved_cs_client     = @@character_set_client */;
/*!40101 SET character_set_client = utf8 */;
CREATE TABLE `alumnos` (
  `curp` varchar(18) NOT NULL,
  `nombre` varchar(50) NOT NULL,
  `apellidos` varchar(100) NOT NULL,
  `nombre_tutor` varchar(100) DEFAULT NULL,
  `fecha_nacimiento` date NOT NULL,
  `telefono` varchar(15) DEFAULT NULL,
  `fecha_registro` timestamp NOT NULL DEFAULT current_timestamp(),
  `mensualidad` decimal(10,2) NOT NULL DEFAULT 0.00,
  `activo` tinyint(1) DEFAULT 1,
  PRIMARY KEY (`curp`)
) ENGINE=InnoDB DEFAULT CHARSET=utf8mb4 COLLATE=utf8mb4_general_ci;
/*!40101 SET character_set_client = @saved_cs_client */;

--
-- Dumping data for table `alumnos`
--

LOCK TABLES `alumnos` WRITE;
/*!40000 ALTER TABLE `alumnos` DISABLE KEYS */;
INSERT INTO `alumnos` VALUES ('AIEC150601MCLVSRA0','CAROL NATALIA','AVILA ESPIRITU','ejemplop','2015-06-01','8713049124','2025-07-10 01:52:39',0.00,1),('AITB140621MCLVTRA8','BARBARA','AVILA TATAY',NULL,'2014-06-21','8717102064','2025-07-10 00:20:21',0.00,1),('AITM161119MCLVTRA8','MARIA','AVILA TATAY',NULL,'2016-11-19','8717102064','2025-07-10 00:28:35',0.00,1),('AUVF180315MCLRLTA0','FATIMA','ARGUIJO VILLEGAS',NULL,'2018-03-15','8711763110','2025-07-10 20:52:11',850.00,1),('CAAM130925HCLBNTA4','MATEO ABDIEL','CABRERA ANDRADE',NULL,'2013-09-25','8713948779','2025-07-10 06:51:40',850.00,1),('CAMS031231HCLHRNA3','SANTIAGO DE JESUS','CHAVEZ MARTINEZ',NULL,'2003-12-31','8711357072','2025-07-10 06:53:40',760.00,1),('EISP080622MCLLRMA1','PAMELA','ELIAS SUAREZ',NULL,'2008-06-22','8712664224','2025-07-10 06:48:29',1200.00,0),('JIBA620910MCLMRN00','ANA MARIA','JIMENEZ BERUMEN',NULL,'1962-09-10','8717273118','2025-07-10 22:08:43',2000.00,1),('MAAC010901HCLRLHA2','CHRISTIAN EDUARDO','MARTELL ALVARADO',NULL,'2001-09-01','8712198061','2025-07-10 20:55:18',0.00,1),('MEML140402HCLNNSA1','LUIS EMILIO','MENA MONTEMAYOR',NULL,'2014-04-02','8713820147','2025-07-10 06:40:22',850.00,1),('MEMT170125HCLNNHA9','THIAGO','MENA MONTEMAYOR',NULL,'2017-01-25','8713820147','2025-07-10 06:43:11',850.00,1),('MOCM591215HCLRNR09','MARIO ALBERTO','MORALES CANTU',NULL,'1959-12-15','8712112497','2025-07-10 22:07:01',2000.00,1),('MUGA150502MCLXRLA8','ALEJANDRA','MUÑOZ GUERRERO',NULL,'2015-05-02','8712307080','2025-07-10 22:10:49',850.00,1),('PEPS110620HCLRRNA3','SANTIAGO','PEREZ GAVILAN PRADO',NULL,'2011-06-20','8713247316','2025-07-10 20:57:35',850.00,1),('PUEJ140618HCLNSNA6','JUAN MANUEL','PUENTES ESTRADA',NULL,'2014-06-18','8713422682','2025-07-10 06:46:02',850.00,1);
/*!40000 ALTER TABLE `alumnos` ENABLE KEYS */;
UNLOCK TABLES;

--
-- Table structure for table `alumnos_subtema_progreso`
--

DROP TABLE IF EXISTS `alumnos_subtema_progreso`;
/*!40101 SET @saved_cs_client     = @@character_set_client */;
/*!40101 SET character_set_client = utf8 */;
CREATE TABLE `alumnos_subtema_progreso` (
  `id` int(11) NOT NULL AUTO_INCREMENT,
  `alumnos_tema_id` int(11) NOT NULL,
  `subtema_id` int(11) NOT NULL,
  `dia1` tinyint(1) DEFAULT 0,
  `dia2` tinyint(1) DEFAULT 0,
  `dia3` tinyint(1) DEFAULT 0,
  `dia4` tinyint(1) DEFAULT 0,
  `dia5` tinyint(1) DEFAULT 0,
  `dia6` tinyint(1) DEFAULT 0,
  `aprendido` tinyint(1) DEFAULT 0,
  `dia1_comentario` varchar(255) DEFAULT NULL,
  `dia2_comentario` varchar(255) DEFAULT NULL,
  `dia3_comentario` varchar(255) DEFAULT NULL,
  `dia4_comentario` varchar(255) DEFAULT NULL,
  `dia5_comentario` varchar(255) DEFAULT NULL,
  `dia6_comentario` varchar(255) DEFAULT NULL,
  `aprendido_comentario` varchar(255) DEFAULT NULL,
  `aprendido_fecha` datetime DEFAULT NULL,
  `dia1_fecha` datetime DEFAULT NULL,
  `dia2_fecha` datetime DEFAULT NULL,
  `dia3_fecha` datetime DEFAULT NULL,
  `dia4_fecha` datetime DEFAULT NULL,
  `dia5_fecha` datetime DEFAULT NULL,
  `dia6_fecha` datetime DEFAULT NULL,
  PRIMARY KEY (`id`),
  KEY `alumnos_tema_id` (`alumnos_tema_id`),
  KEY `subtema_id` (`subtema_id`),
  CONSTRAINT `alumnos_subtema_progreso_ibfk_1` FOREIGN KEY (`alumnos_tema_id`) REFERENCES `alumnos_tema` (`id`) ON DELETE CASCADE,
  CONSTRAINT `alumnos_subtema_progreso_ibfk_2` FOREIGN KEY (`subtema_id`) REFERENCES `subtemas` (`id`) ON DELETE CASCADE
) ENGINE=InnoDB AUTO_INCREMENT=477 DEFAULT CHARSET=utf8mb4 COLLATE=utf8mb4_general_ci;
/*!40101 SET character_set_client = @saved_cs_client */;

--
-- Dumping data for table `alumnos_subtema_progreso`
--

LOCK TABLES `alumnos_subtema_progreso` WRITE;
/*!40000 ALTER TABLE `alumnos_subtema_progreso` DISABLE KEYS */;
INSERT INTO `alumnos_subtema_progreso` VALUES (1,1,1,0,0,0,0,0,0,0,NULL,NULL,NULL,NULL,NULL,NULL,NULL,NULL,NULL,NULL,NULL,NULL,NULL,NULL),(2,1,2,0,0,0,0,0,0,0,NULL,NULL,NULL,NULL,NULL,NULL,NULL,NULL,NULL,NULL,NULL,NULL,NULL,NULL),(3,1,3,0,0,0,0,0,0,0,NULL,NULL,NULL,NULL,NULL,NULL,NULL,NULL,NULL,NULL,NULL,NULL,NULL,NULL),(4,1,4,0,0,0,0,0,0,0,NULL,NULL,NULL,NULL,NULL,NULL,NULL,NULL,NULL,NULL,NULL,NULL,NULL,NULL),(5,1,5,0,0,0,0,0,0,0,NULL,NULL,NULL,NULL,NULL,NULL,NULL,NULL,NULL,NULL,NULL,NULL,NULL,NULL),(6,1,6,0,0,0,0,0,0,0,NULL,NULL,NULL,NULL,NULL,NULL,NULL,NULL,NULL,NULL,NULL,NULL,NULL,NULL),(7,1,7,0,0,0,0,0,0,0,NULL,NULL,NULL,NULL,NULL,NULL,NULL,NULL,NULL,NULL,NULL,NULL,NULL,NULL),(8,1,8,0,0,0,0,0,0,0,NULL,NULL,NULL,NULL,NULL,NULL,NULL,NULL,NULL,NULL,NULL,NULL,NULL,NULL),(9,1,9,0,0,0,0,0,0,0,NULL,NULL,NULL,NULL,NULL,NULL,NULL,NULL,NULL,NULL,NULL,NULL,NULL,NULL),(10,1,10,0,0,0,0,0,0,0,NULL,NULL,NULL,NULL,NULL,NULL,NULL,NULL,NULL,NULL,NULL,NULL,NULL,NULL),(11,1,11,0,0,0,0,0,0,0,NULL,NULL,NULL,NULL,NULL,NULL,NULL,NULL,NULL,NULL,NULL,NULL,NULL,NULL),(12,1,12,0,0,0,0,0,0,0,NULL,NULL,NULL,NULL,NULL,NULL,NULL,NULL,NULL,NULL,NULL,NULL,NULL,NULL),(13,1,13,0,0,0,0,0,0,0,NULL,NULL,NULL,NULL,NULL,NULL,NULL,NULL,NULL,NULL,NULL,NULL,NULL,NULL),(14,1,14,0,0,0,0,0,0,0,NULL,NULL,NULL,NULL,NULL,NULL,NULL,NULL,NULL,NULL,NULL,NULL,NULL,NULL),(15,1,15,0,0,0,0,0,0,0,NULL,NULL,NULL,NULL,NULL,NULL,NULL,NULL,NULL,NULL,NULL,NULL,NULL,NULL),(16,1,16,0,0,0,0,0,0,0,NULL,NULL,NULL,NULL,NULL,NULL,NULL,NULL,NULL,NULL,NULL,NULL,NULL,NULL),(17,1,17,0,0,0,0,0,0,0,NULL,NULL,NULL,NULL,NULL,NULL,NULL,NULL,NULL,NULL,NULL,NULL,NULL,NULL),(18,1,18,0,0,0,0,0,0,0,NULL,NULL,NULL,NULL,NULL,NULL,NULL,NULL,NULL,NULL,NULL,NULL,NULL,NULL),(19,1,19,0,0,0,0,0,0,0,NULL,NULL,NULL,NULL,NULL,NULL,NULL,NULL,NULL,NULL,NULL,NULL,NULL,NULL),(20,1,20,0,0,0,0,0,0,0,NULL,NULL,NULL,NULL,NULL,NULL,NULL,NULL,NULL,NULL,NULL,NULL,NULL,NULL),(21,1,21,0,0,0,0,0,0,0,NULL,NULL,NULL,NULL,NULL,NULL,NULL,NULL,NULL,NULL,NULL,NULL,NULL,NULL),(22,1,22,0,0,0,0,0,0,0,NULL,NULL,NULL,NULL,NULL,NULL,NULL,NULL,NULL,NULL,NULL,NULL,NULL,NULL),(23,1,23,0,0,0,0,0,0,0,NULL,NULL,NULL,NULL,NULL,NULL,NULL,NULL,NULL,NULL,NULL,NULL,NULL,NULL),(24,1,24,0,0,0,0,0,0,0,NULL,NULL,NULL,NULL,NULL,NULL,NULL,NULL,NULL,NULL,NULL,NULL,NULL,NULL),(25,1,25,0,0,0,0,0,0,0,NULL,NULL,NULL,NULL,NULL,NULL,NULL,NULL,NULL,NULL,NULL,NULL,NULL,NULL),(26,1,26,0,0,0,0,0,0,0,NULL,NULL,NULL,NULL,NULL,NULL,NULL,NULL,NULL,NULL,NULL,NULL,NULL,NULL),(27,1,27,0,0,0,0,0,0,0,NULL,NULL,NULL,NULL,NULL,NULL,NULL,NULL,NULL,NULL,NULL,NULL,NULL,NULL),(28,1,28,0,0,0,0,0,0,0,NULL,NULL,NULL,NULL,NULL,NULL,NULL,NULL,NULL,NULL,NULL,NULL,NULL,NULL),(29,1,29,0,0,0,0,0,0,0,NULL,NULL,NULL,NULL,NULL,NULL,NULL,NULL,NULL,NULL,NULL,NULL,NULL,NULL),(30,1,30,0,0,0,0,0,0,0,NULL,NULL,NULL,NULL,NULL,NULL,NULL,NULL,NULL,NULL,NULL,NULL,NULL,NULL),(31,1,31,0,0,0,0,0,0,0,NULL,NULL,NULL,NULL,NULL,NULL,NULL,NULL,NULL,NULL,NULL,NULL,NULL,NULL),(32,1,32,0,0,0,0,0,0,0,NULL,NULL,NULL,NULL,NULL,NULL,NULL,NULL,NULL,NULL,NULL,NULL,NULL,NULL),(33,1,33,0,0,0,0,0,0,0,NULL,NULL,NULL,NULL,NULL,NULL,NULL,NULL,NULL,NULL,NULL,NULL,NULL,NULL),(34,1,34,0,0,0,0,0,0,0,NULL,NULL,NULL,NULL,NULL,NULL,NULL,NULL,NULL,NULL,NULL,NULL,NULL,NULL),(35,1,35,0,0,0,0,0,0,0,NULL,NULL,NULL,NULL,NULL,NULL,NULL,NULL,NULL,NULL,NULL,NULL,NULL,NULL),(79,4,36,0,0,0,0,0,0,0,'','','','','','','',NULL,NULL,NULL,NULL,NULL,NULL,NULL),(80,4,37,0,0,0,0,0,0,0,'','','','','','','',NULL,NULL,NULL,NULL,NULL,NULL,NULL),(81,4,38,0,0,0,0,0,0,0,'','','','','','','',NULL,NULL,NULL,NULL,NULL,NULL,NULL),(82,4,39,0,0,0,0,0,0,0,'','','','','','','',NULL,NULL,NULL,NULL,NULL,NULL,NULL),(83,4,40,0,0,0,0,0,0,0,'','','','','','','',NULL,NULL,NULL,NULL,NULL,NULL,NULL),(84,4,41,0,0,0,0,0,0,0,'','','','','','','',NULL,NULL,NULL,NULL,NULL,NULL,NULL),(85,4,42,0,0,0,0,0,0,0,'','','','','','','',NULL,NULL,NULL,NULL,NULL,NULL,NULL),(86,4,43,0,0,0,0,0,0,0,'','','','','','','',NULL,NULL,NULL,NULL,NULL,NULL,NULL),(87,5,36,0,0,0,0,0,0,0,'','','','','','','',NULL,NULL,NULL,NULL,NULL,NULL,NULL),(88,5,37,0,0,0,0,0,0,0,'','','','','','','',NULL,NULL,NULL,NULL,NULL,NULL,NULL),(89,5,38,0,0,0,0,0,0,0,'','','','','','','',NULL,NULL,NULL,NULL,NULL,NULL,NULL),(90,5,39,0,0,0,0,0,0,0,'','','','','','','',NULL,NULL,NULL,NULL,NULL,NULL,NULL),(91,5,40,0,0,0,0,0,0,0,'','','','','','','',NULL,NULL,NULL,NULL,NULL,NULL,NULL),(92,5,41,0,0,0,0,0,0,0,'','','','','','','',NULL,NULL,NULL,NULL,NULL,NULL,NULL),(93,5,42,0,0,0,0,0,0,0,'','','','','','','',NULL,NULL,NULL,NULL,NULL,NULL,NULL),(94,5,43,0,0,0,0,0,0,0,'','','','','','','',NULL,NULL,NULL,NULL,NULL,NULL,NULL),(95,6,36,1,0,0,0,0,0,0,'HOLA','','','','','','',NULL,'2025-07-11 00:23:00',NULL,NULL,NULL,NULL,NULL),(96,6,37,0,0,0,0,0,0,0,'','','','','','','',NULL,NULL,NULL,NULL,NULL,NULL,NULL),(97,6,38,0,0,0,0,0,0,0,'','','','','','','',NULL,NULL,NULL,NULL,NULL,NULL,NULL),(98,6,39,0,0,0,0,0,0,0,'','','','','','','',NULL,NULL,NULL,NULL,NULL,NULL,NULL),(99,6,40,0,0,0,0,0,0,0,'','','','','','','',NULL,NULL,NULL,NULL,NULL,NULL,NULL),(100,6,41,0,0,0,0,0,0,0,'','','','','','','',NULL,NULL,NULL,NULL,NULL,NULL,NULL),(101,6,42,0,0,0,0,0,0,0,'','','','','','','',NULL,NULL,NULL,NULL,NULL,NULL,NULL),(102,6,43,0,0,0,0,0,0,0,'','','','','','','',NULL,NULL,NULL,NULL,NULL,NULL,NULL),(103,6,44,0,0,0,0,0,0,0,'','','','','','','',NULL,NULL,NULL,NULL,NULL,NULL,NULL),(104,6,45,0,0,0,0,0,0,0,'','','','','','','',NULL,NULL,NULL,NULL,NULL,NULL,NULL),(105,6,46,0,0,0,0,0,0,0,'','','','','','','',NULL,NULL,NULL,NULL,NULL,NULL,NULL),(106,6,47,0,0,0,0,0,0,0,'','','','','','','',NULL,NULL,NULL,NULL,NULL,NULL,NULL),(107,6,48,0,0,0,0,0,0,0,'','','','','','','',NULL,NULL,NULL,NULL,NULL,NULL,NULL),(108,6,49,0,0,0,0,0,0,0,'','','','','','','',NULL,NULL,NULL,NULL,NULL,NULL,NULL),(109,6,50,0,0,0,0,0,0,0,'','','','','','','',NULL,NULL,NULL,NULL,NULL,NULL,NULL),(110,6,51,0,0,0,0,0,0,0,'','','','','','','',NULL,NULL,NULL,NULL,NULL,NULL,NULL),(111,6,52,0,0,0,0,0,0,0,'','','','','','','',NULL,NULL,NULL,NULL,NULL,NULL,NULL),(112,6,53,0,0,0,0,0,0,0,'','','','','','','',NULL,NULL,NULL,NULL,NULL,NULL,NULL),(113,6,54,0,0,0,0,0,0,0,'','','','','','','',NULL,NULL,NULL,NULL,NULL,NULL,NULL),(114,6,55,0,0,0,0,0,0,0,'','','','','','','',NULL,NULL,NULL,NULL,NULL,NULL,NULL),(115,6,56,0,0,0,0,0,0,0,'','','','','','','',NULL,NULL,NULL,NULL,NULL,NULL,NULL),(116,6,57,0,0,0,0,0,0,0,'','','','','','','',NULL,NULL,NULL,NULL,NULL,NULL,NULL),(117,6,58,0,0,0,0,0,0,0,'','','','','','','',NULL,NULL,NULL,NULL,NULL,NULL,NULL),(118,6,59,0,0,0,0,0,0,0,'','','','','','','',NULL,NULL,NULL,NULL,NULL,NULL,NULL),(119,6,60,0,0,0,0,0,0,0,'','','','','','','',NULL,NULL,NULL,NULL,NULL,NULL,NULL),(120,6,61,0,0,0,0,0,0,0,'','','','','','','',NULL,NULL,NULL,NULL,NULL,NULL,NULL),(121,6,62,0,0,0,0,0,0,0,'','','','','','','',NULL,NULL,NULL,NULL,NULL,NULL,NULL),(122,6,63,0,0,0,0,0,0,0,'','','','','','','',NULL,NULL,NULL,NULL,NULL,NULL,NULL),(123,6,64,0,0,0,0,0,0,0,'','','','','','','',NULL,NULL,NULL,NULL,NULL,NULL,NULL),(159,8,86,0,0,0,0,0,0,0,NULL,NULL,NULL,NULL,NULL,NULL,NULL,NULL,NULL,NULL,NULL,NULL,NULL,NULL),(160,8,87,0,0,0,0,0,0,0,NULL,NULL,NULL,NULL,NULL,NULL,NULL,NULL,NULL,NULL,NULL,NULL,NULL,NULL),(161,8,88,0,0,0,0,0,0,0,NULL,NULL,NULL,NULL,NULL,NULL,NULL,NULL,NULL,NULL,NULL,NULL,NULL,NULL),(162,8,89,0,0,0,0,0,0,0,NULL,NULL,NULL,NULL,NULL,NULL,NULL,NULL,NULL,NULL,NULL,NULL,NULL,NULL),(163,8,90,0,0,0,0,0,0,0,NULL,NULL,NULL,NULL,NULL,NULL,NULL,NULL,NULL,NULL,NULL,NULL,NULL,NULL),(164,8,91,0,0,0,0,0,0,0,NULL,NULL,NULL,NULL,NULL,NULL,NULL,NULL,NULL,NULL,NULL,NULL,NULL,NULL),(165,8,92,0,0,0,0,0,0,0,NULL,NULL,NULL,NULL,NULL,NULL,NULL,NULL,NULL,NULL,NULL,NULL,NULL,NULL),(166,8,93,0,0,0,0,0,0,0,NULL,NULL,NULL,NULL,NULL,NULL,NULL,NULL,NULL,NULL,NULL,NULL,NULL,NULL),(167,8,94,0,0,0,0,0,0,0,NULL,NULL,NULL,NULL,NULL,NULL,NULL,NULL,NULL,NULL,NULL,NULL,NULL,NULL),(168,8,95,0,0,0,0,0,0,0,NULL,NULL,NULL,NULL,NULL,NULL,NULL,NULL,NULL,NULL,NULL,NULL,NULL,NULL),(169,8,96,0,0,0,0,0,0,0,NULL,NULL,NULL,NULL,NULL,NULL,NULL,NULL,NULL,NULL,NULL,NULL,NULL,NULL),(170,8,97,0,0,0,0,0,0,0,NULL,NULL,NULL,NULL,NULL,NULL,NULL,NULL,NULL,NULL,NULL,NULL,NULL,NULL),(171,8,98,0,0,0,0,0,0,0,NULL,NULL,NULL,NULL,NULL,NULL,NULL,NULL,NULL,NULL,NULL,NULL,NULL,NULL),(172,8,99,0,0,0,0,0,0,0,NULL,NULL,NULL,NULL,NULL,NULL,NULL,NULL,NULL,NULL,NULL,NULL,NULL,NULL),(173,9,1,0,0,0,0,0,0,0,NULL,NULL,NULL,NULL,NULL,NULL,NULL,NULL,NULL,NULL,NULL,NULL,NULL,NULL),(174,9,2,0,0,0,0,0,0,0,NULL,NULL,NULL,NULL,NULL,NULL,NULL,NULL,NULL,NULL,NULL,NULL,NULL,NULL),(175,9,3,0,0,0,0,0,0,0,NULL,NULL,NULL,NULL,NULL,NULL,NULL,NULL,NULL,NULL,NULL,NULL,NULL,NULL),(176,9,4,0,0,0,0,0,0,0,NULL,NULL,NULL,NULL,NULL,NULL,NULL,NULL,NULL,NULL,NULL,NULL,NULL,NULL),(177,9,5,0,0,0,0,0,0,0,NULL,NULL,NULL,NULL,NULL,NULL,NULL,NULL,NULL,NULL,NULL,NULL,NULL,NULL),(178,9,6,0,0,0,0,0,0,0,NULL,NULL,NULL,NULL,NULL,NULL,NULL,NULL,NULL,NULL,NULL,NULL,NULL,NULL),(179,9,7,0,0,0,0,0,0,0,NULL,NULL,NULL,NULL,NULL,NULL,NULL,NULL,NULL,NULL,NULL,NULL,NULL,NULL),(180,9,8,0,0,0,0,0,0,0,NULL,NULL,NULL,NULL,NULL,NULL,NULL,NULL,NULL,NULL,NULL,NULL,NULL,NULL),(181,9,9,0,0,0,0,0,0,0,NULL,NULL,NULL,NULL,NULL,NULL,NULL,NULL,NULL,NULL,NULL,NULL,NULL,NULL),(182,9,10,0,0,0,0,0,0,0,NULL,NULL,NULL,NULL,NULL,NULL,NULL,NULL,NULL,NULL,NULL,NULL,NULL,NULL),(183,9,11,0,0,0,0,0,0,0,NULL,NULL,NULL,NULL,NULL,NULL,NULL,NULL,NULL,NULL,NULL,NULL,NULL,NULL),(184,9,12,0,0,0,0,0,0,0,NULL,NULL,NULL,NULL,NULL,NULL,NULL,NULL,NULL,NULL,NULL,NULL,NULL,NULL),(185,9,13,0,0,0,0,0,0,0,NULL,NULL,NULL,NULL,NULL,NULL,NULL,NULL,NULL,NULL,NULL,NULL,NULL,NULL),(186,9,14,0,0,0,0,0,0,0,NULL,NULL,NULL,NULL,NULL,NULL,NULL,NULL,NULL,NULL,NULL,NULL,NULL,NULL),(187,9,15,0,0,0,0,0,0,0,NULL,NULL,NULL,NULL,NULL,NULL,NULL,NULL,NULL,NULL,NULL,NULL,NULL,NULL),(188,9,16,0,0,0,0,0,0,0,NULL,NULL,NULL,NULL,NULL,NULL,NULL,NULL,NULL,NULL,NULL,NULL,NULL,NULL),(189,9,17,0,0,0,0,0,0,0,NULL,NULL,NULL,NULL,NULL,NULL,NULL,NULL,NULL,NULL,NULL,NULL,NULL,NULL),(190,9,18,0,0,0,0,0,0,0,NULL,NULL,NULL,NULL,NULL,NULL,NULL,NULL,NULL,NULL,NULL,NULL,NULL,NULL),(191,9,19,0,0,0,0,0,0,0,NULL,NULL,NULL,NULL,NULL,NULL,NULL,NULL,NULL,NULL,NULL,NULL,NULL,NULL),(192,9,20,0,0,0,0,0,0,0,NULL,NULL,NULL,NULL,NULL,NULL,NULL,NULL,NULL,NULL,NULL,NULL,NULL,NULL),(193,9,21,0,0,0,0,0,0,0,NULL,NULL,NULL,NULL,NULL,NULL,NULL,NULL,NULL,NULL,NULL,NULL,NULL,NULL),(194,9,22,0,0,0,0,0,0,0,NULL,NULL,NULL,NULL,NULL,NULL,NULL,NULL,NULL,NULL,NULL,NULL,NULL,NULL),(195,9,23,0,0,0,0,0,0,0,NULL,NULL,NULL,NULL,NULL,NULL,NULL,NULL,NULL,NULL,NULL,NULL,NULL,NULL),(196,9,24,0,0,0,0,0,0,0,NULL,NULL,NULL,NULL,NULL,NULL,NULL,NULL,NULL,NULL,NULL,NULL,NULL,NULL),(197,9,25,0,0,0,0,0,0,0,NULL,NULL,NULL,NULL,NULL,NULL,NULL,NULL,NULL,NULL,NULL,NULL,NULL,NULL),(198,9,26,0,0,0,0,0,0,0,NULL,NULL,NULL,NULL,NULL,NULL,NULL,NULL,NULL,NULL,NULL,NULL,NULL,NULL),(199,9,27,0,0,0,0,0,0,0,NULL,NULL,NULL,NULL,NULL,NULL,NULL,NULL,NULL,NULL,NULL,NULL,NULL,NULL),(200,9,28,0,0,0,0,0,0,0,NULL,NULL,NULL,NULL,NULL,NULL,NULL,NULL,NULL,NULL,NULL,NULL,NULL,NULL),(201,9,29,0,0,0,0,0,0,0,NULL,NULL,NULL,NULL,NULL,NULL,NULL,NULL,NULL,NULL,NULL,NULL,NULL,NULL),(202,9,30,0,0,0,0,0,0,0,NULL,NULL,NULL,NULL,NULL,NULL,NULL,NULL,NULL,NULL,NULL,NULL,NULL,NULL),(203,9,31,0,0,0,0,0,0,0,NULL,NULL,NULL,NULL,NULL,NULL,NULL,NULL,NULL,NULL,NULL,NULL,NULL,NULL),(204,9,32,0,0,0,0,0,0,0,NULL,NULL,NULL,NULL,NULL,NULL,NULL,NULL,NULL,NULL,NULL,NULL,NULL,NULL),(205,9,33,0,0,0,0,0,0,0,NULL,NULL,NULL,NULL,NULL,NULL,NULL,NULL,NULL,NULL,NULL,NULL,NULL,NULL),(206,9,34,0,0,0,0,0,0,0,NULL,NULL,NULL,NULL,NULL,NULL,NULL,NULL,NULL,NULL,NULL,NULL,NULL,NULL),(207,9,35,0,0,0,0,0,0,0,NULL,NULL,NULL,NULL,NULL,NULL,NULL,NULL,NULL,NULL,NULL,NULL,NULL,NULL),(208,10,1,0,0,0,0,0,0,0,NULL,NULL,NULL,NULL,NULL,NULL,NULL,NULL,NULL,NULL,NULL,NULL,NULL,NULL),(209,10,2,0,0,0,0,0,0,0,NULL,NULL,NULL,NULL,NULL,NULL,NULL,NULL,NULL,NULL,NULL,NULL,NULL,NULL),(210,10,3,0,0,0,0,0,0,0,NULL,NULL,NULL,NULL,NULL,NULL,NULL,NULL,NULL,NULL,NULL,NULL,NULL,NULL),(211,10,4,0,0,0,0,0,0,0,NULL,NULL,NULL,NULL,NULL,NULL,NULL,NULL,NULL,NULL,NULL,NULL,NULL,NULL),(212,10,5,0,0,0,0,0,0,0,NULL,NULL,NULL,NULL,NULL,NULL,NULL,NULL,NULL,NULL,NULL,NULL,NULL,NULL),(213,10,6,0,0,0,0,0,0,0,NULL,NULL,NULL,NULL,NULL,NULL,NULL,NULL,NULL,NULL,NULL,NULL,NULL,NULL),(214,10,7,0,0,0,0,0,0,0,NULL,NULL,NULL,NULL,NULL,NULL,NULL,NULL,NULL,NULL,NULL,NULL,NULL,NULL),(215,10,8,0,0,0,0,0,0,0,NULL,NULL,NULL,NULL,NULL,NULL,NULL,NULL,NULL,NULL,NULL,NULL,NULL,NULL),(216,10,9,0,0,0,0,0,0,0,NULL,NULL,NULL,NULL,NULL,NULL,NULL,NULL,NULL,NULL,NULL,NULL,NULL,NULL),(217,10,10,0,0,0,0,0,0,0,NULL,NULL,NULL,NULL,NULL,NULL,NULL,NULL,NULL,NULL,NULL,NULL,NULL,NULL),(218,10,11,0,0,0,0,0,0,0,NULL,NULL,NULL,NULL,NULL,NULL,NULL,NULL,NULL,NULL,NULL,NULL,NULL,NULL),(219,10,12,0,0,0,0,0,0,0,NULL,NULL,NULL,NULL,NULL,NULL,NULL,NULL,NULL,NULL,NULL,NULL,NULL,NULL),(220,10,13,0,0,0,0,0,0,0,NULL,NULL,NULL,NULL,NULL,NULL,NULL,NULL,NULL,NULL,NULL,NULL,NULL,NULL),(221,10,14,0,0,0,0,0,0,0,NULL,NULL,NULL,NULL,NULL,NULL,NULL,NULL,NULL,NULL,NULL,NULL,NULL,NULL),(222,10,15,0,0,0,0,0,0,0,NULL,NULL,NULL,NULL,NULL,NULL,NULL,NULL,NULL,NULL,NULL,NULL,NULL,NULL),(223,10,16,0,0,0,0,0,0,0,NULL,NULL,NULL,NULL,NULL,NULL,NULL,NULL,NULL,NULL,NULL,NULL,NULL,NULL),(224,10,17,0,0,0,0,0,0,0,NULL,NULL,NULL,NULL,NULL,NULL,NULL,NULL,NULL,NULL,NULL,NULL,NULL,NULL),(225,10,18,0,0,0,0,0,0,0,NULL,NULL,NULL,NULL,NULL,NULL,NULL,NULL,NULL,NULL,NULL,NULL,NULL,NULL),(226,10,19,0,0,0,0,0,0,0,NULL,NULL,NULL,NULL,NULL,NULL,NULL,NULL,NULL,NULL,NULL,NULL,NULL,NULL),(227,10,20,0,0,0,0,0,0,0,NULL,NULL,NULL,NULL,NULL,NULL,NULL,NULL,NULL,NULL,NULL,NULL,NULL,NULL),(228,10,21,0,0,0,0,0,0,0,NULL,NULL,NULL,NULL,NULL,NULL,NULL,NULL,NULL,NULL,NULL,NULL,NULL,NULL),(229,10,22,0,0,0,0,0,0,0,NULL,NULL,NULL,NULL,NULL,NULL,NULL,NULL,NULL,NULL,NULL,NULL,NULL,NULL),(230,10,23,0,0,0,0,0,0,0,NULL,NULL,NULL,NULL,NULL,NULL,NULL,NULL,NULL,NULL,NULL,NULL,NULL,NULL),(231,10,24,0,0,0,0,0,0,0,NULL,NULL,NULL,NULL,NULL,NULL,NULL,NULL,NULL,NULL,NULL,NULL,NULL,NULL),(232,10,25,0,0,0,0,0,0,0,NULL,NULL,NULL,NULL,NULL,NULL,NULL,NULL,NULL,NULL,NULL,NULL,NULL,NULL),(233,10,26,0,0,0,0,0,0,0,NULL,NULL,NULL,NULL,NULL,NULL,NULL,NULL,NULL,NULL,NULL,NULL,NULL,NULL),(234,10,27,0,0,0,0,0,0,0,NULL,NULL,NULL,NULL,NULL,NULL,NULL,NULL,NULL,NULL,NULL,NULL,NULL,NULL),(235,10,28,0,0,0,0,0,0,0,NULL,NULL,NULL,NULL,NULL,NULL,NULL,NULL,NULL,NULL,NULL,NULL,NULL,NULL),(236,10,29,0,0,0,0,0,0,0,NULL,NULL,NULL,NULL,NULL,NULL,NULL,NULL,NULL,NULL,NULL,NULL,NULL,NULL),(237,10,30,0,0,0,0,0,0,0,NULL,NULL,NULL,NULL,NULL,NULL,NULL,NULL,NULL,NULL,NULL,NULL,NULL,NULL),(238,10,31,0,0,0,0,0,0,0,NULL,NULL,NULL,NULL,NULL,NULL,NULL,NULL,NULL,NULL,NULL,NULL,NULL,NULL),(239,10,32,0,0,0,0,0,0,0,NULL,NULL,NULL,NULL,NULL,NULL,NULL,NULL,NULL,NULL,NULL,NULL,NULL,NULL),(240,10,33,0,0,0,0,0,0,0,NULL,NULL,NULL,NULL,NULL,NULL,NULL,NULL,NULL,NULL,NULL,NULL,NULL,NULL),(241,10,34,0,0,0,0,0,0,0,NULL,NULL,NULL,NULL,NULL,NULL,NULL,NULL,NULL,NULL,NULL,NULL,NULL,NULL),(242,10,35,0,0,0,0,0,0,0,NULL,NULL,NULL,NULL,NULL,NULL,NULL,NULL,NULL,NULL,NULL,NULL,NULL,NULL),(243,12,36,0,0,0,0,0,0,0,'','','','','','','',NULL,NULL,NULL,NULL,NULL,NULL,NULL),(244,12,37,0,0,0,0,0,0,0,'','','','','','','',NULL,NULL,NULL,NULL,NULL,NULL,NULL),(245,12,38,0,0,0,0,0,0,0,'','','','','','','',NULL,NULL,NULL,NULL,NULL,NULL,NULL),(246,12,39,0,0,0,0,0,0,0,'','','','','','','',NULL,NULL,NULL,NULL,NULL,NULL,NULL),(247,12,40,0,0,0,0,0,0,0,'','','','','','','',NULL,NULL,NULL,NULL,NULL,NULL,NULL),(248,12,41,0,0,0,0,0,0,0,'','','','','','','',NULL,NULL,NULL,NULL,NULL,NULL,NULL),(249,12,42,0,0,0,0,0,0,0,'','','','','','','',NULL,NULL,NULL,NULL,NULL,NULL,NULL),(250,12,43,0,0,0,0,0,0,0,'','','','','','','',NULL,NULL,NULL,NULL,NULL,NULL,NULL),(251,12,44,0,0,0,0,0,0,0,'','','','','','','',NULL,NULL,NULL,NULL,NULL,NULL,NULL),(252,12,45,0,0,0,0,0,0,0,'','','','','','','',NULL,NULL,NULL,NULL,NULL,NULL,NULL),(253,12,46,0,0,0,0,0,0,0,'','','','','','','',NULL,NULL,NULL,NULL,NULL,NULL,NULL),(254,12,47,0,0,0,0,0,0,0,'','','','','','','',NULL,NULL,NULL,NULL,NULL,NULL,NULL),(255,12,48,0,0,0,0,0,0,0,'','','','','','','',NULL,NULL,NULL,NULL,NULL,NULL,NULL),(256,12,49,0,0,0,0,0,0,0,'','','','','','','',NULL,NULL,NULL,NULL,NULL,NULL,NULL),(257,12,50,0,0,0,0,0,0,0,'','','','','','','',NULL,NULL,NULL,NULL,NULL,NULL,NULL),(258,12,51,0,0,0,0,0,0,0,'','','','','','','',NULL,NULL,NULL,NULL,NULL,NULL,NULL),(259,12,52,0,0,0,0,0,0,0,'','','','','','','',NULL,NULL,NULL,NULL,NULL,NULL,NULL),(260,12,53,0,0,0,0,0,0,0,'','','','','','','',NULL,NULL,NULL,NULL,NULL,NULL,NULL),(261,12,54,0,0,0,0,0,0,0,'','','','','','','',NULL,NULL,NULL,NULL,NULL,NULL,NULL),(262,12,55,0,0,0,0,0,0,0,'','','','','','','',NULL,NULL,NULL,NULL,NULL,NULL,NULL),(263,12,56,0,0,0,0,0,0,0,'','','','','','','',NULL,NULL,NULL,NULL,NULL,NULL,NULL),(264,12,57,0,0,0,0,0,0,0,'','','','','','','',NULL,NULL,NULL,NULL,NULL,NULL,NULL),(265,12,58,0,0,0,0,0,0,0,'','','','','','','',NULL,NULL,NULL,NULL,NULL,NULL,NULL),(266,12,59,0,0,0,0,0,0,0,'','','','','','','',NULL,NULL,NULL,NULL,NULL,NULL,NULL),(267,12,60,0,0,0,0,0,0,0,'','','','','','','',NULL,NULL,NULL,NULL,NULL,NULL,NULL),(268,12,61,0,0,0,0,0,0,0,'','','','','','','',NULL,NULL,NULL,NULL,NULL,NULL,NULL),(269,12,62,0,0,0,0,0,0,0,'','','','','','','',NULL,NULL,NULL,NULL,NULL,NULL,NULL),(270,12,63,0,0,0,0,0,0,0,'','','','','','','',NULL,NULL,NULL,NULL,NULL,NULL,NULL),(271,12,64,0,0,0,0,0,0,0,'','','','','','','',NULL,NULL,NULL,NULL,NULL,NULL,NULL),(272,16,1,0,0,0,0,0,0,0,NULL,NULL,NULL,NULL,NULL,NULL,NULL,NULL,NULL,NULL,NULL,NULL,NULL,NULL),(273,16,2,0,0,0,0,0,0,0,NULL,NULL,NULL,NULL,NULL,NULL,NULL,NULL,NULL,NULL,NULL,NULL,NULL,NULL),(274,16,3,0,0,0,0,0,0,0,NULL,NULL,NULL,NULL,NULL,NULL,NULL,NULL,NULL,NULL,NULL,NULL,NULL,NULL),(275,16,4,0,0,0,0,0,0,0,NULL,NULL,NULL,NULL,NULL,NULL,NULL,NULL,NULL,NULL,NULL,NULL,NULL,NULL),(276,16,5,0,0,0,0,0,0,0,NULL,NULL,NULL,NULL,NULL,NULL,NULL,NULL,NULL,NULL,NULL,NULL,NULL,NULL),(277,16,6,0,0,0,0,0,0,0,NULL,NULL,NULL,NULL,NULL,NULL,NULL,NULL,NULL,NULL,NULL,NULL,NULL,NULL),(278,16,7,0,0,0,0,0,0,0,NULL,NULL,NULL,NULL,NULL,NULL,NULL,NULL,NULL,NULL,NULL,NULL,NULL,NULL),(279,16,8,0,0,0,0,0,0,0,NULL,NULL,NULL,NULL,NULL,NULL,NULL,NULL,NULL,NULL,NULL,NULL,NULL,NULL),(280,16,9,0,0,0,0,0,0,0,NULL,NULL,NULL,NULL,NULL,NULL,NULL,NULL,NULL,NULL,NULL,NULL,NULL,NULL),(281,16,10,0,0,0,0,0,0,0,NULL,NULL,NULL,NULL,NULL,NULL,NULL,NULL,NULL,NULL,NULL,NULL,NULL,NULL),(282,16,11,0,0,0,0,0,0,0,NULL,NULL,NULL,NULL,NULL,NULL,NULL,NULL,NULL,NULL,NULL,NULL,NULL,NULL),(283,16,12,0,0,0,0,0,0,0,NULL,NULL,NULL,NULL,NULL,NULL,NULL,NULL,NULL,NULL,NULL,NULL,NULL,NULL),(284,16,13,0,0,0,0,0,0,0,NULL,NULL,NULL,NULL,NULL,NULL,NULL,NULL,NULL,NULL,NULL,NULL,NULL,NULL),(285,16,14,0,0,0,0,0,0,0,NULL,NULL,NULL,NULL,NULL,NULL,NULL,NULL,NULL,NULL,NULL,NULL,NULL,NULL),(286,16,15,0,0,0,0,0,0,0,NULL,NULL,NULL,NULL,NULL,NULL,NULL,NULL,NULL,NULL,NULL,NULL,NULL,NULL),(287,16,16,0,0,0,0,0,0,0,NULL,NULL,NULL,NULL,NULL,NULL,NULL,NULL,NULL,NULL,NULL,NULL,NULL,NULL),(288,16,17,0,0,0,0,0,0,0,NULL,NULL,NULL,NULL,NULL,NULL,NULL,NULL,NULL,NULL,NULL,NULL,NULL,NULL),(289,16,18,0,0,0,0,0,0,0,NULL,NULL,NULL,NULL,NULL,NULL,NULL,NULL,NULL,NULL,NULL,NULL,NULL,NULL),(290,16,19,0,0,0,0,0,0,0,NULL,NULL,NULL,NULL,NULL,NULL,NULL,NULL,NULL,NULL,NULL,NULL,NULL,NULL),(291,16,20,0,0,0,0,0,0,0,NULL,NULL,NULL,NULL,NULL,NULL,NULL,NULL,NULL,NULL,NULL,NULL,NULL,NULL),(292,16,21,0,0,0,0,0,0,0,NULL,NULL,NULL,NULL,NULL,NULL,NULL,NULL,NULL,NULL,NULL,NULL,NULL,NULL),(293,16,22,0,0,0,0,0,0,0,NULL,NULL,NULL,NULL,NULL,NULL,NULL,NULL,NULL,NULL,NULL,NULL,NULL,NULL),(294,16,23,0,0,0,0,0,0,0,NULL,NULL,NULL,NULL,NULL,NULL,NULL,NULL,NULL,NULL,NULL,NULL,NULL,NULL),(295,16,24,0,0,0,0,0,0,0,NULL,NULL,NULL,NULL,NULL,NULL,NULL,NULL,NULL,NULL,NULL,NULL,NULL,NULL),(296,16,25,0,0,0,0,0,0,0,NULL,NULL,NULL,NULL,NULL,NULL,NULL,NULL,NULL,NULL,NULL,NULL,NULL,NULL),(297,16,26,0,0,0,0,0,0,0,NULL,NULL,NULL,NULL,NULL,NULL,NULL,NULL,NULL,NULL,NULL,NULL,NULL,NULL),(298,16,27,0,0,0,0,0,0,0,NULL,NULL,NULL,NULL,NULL,NULL,NULL,NULL,NULL,NULL,NULL,NULL,NULL,NULL),(299,16,28,0,0,0,0,0,0,0,NULL,NULL,NULL,NULL,NULL,NULL,NULL,NULL,NULL,NULL,NULL,NULL,NULL,NULL),(300,16,29,0,0,0,0,0,0,0,NULL,NULL,NULL,NULL,NULL,NULL,NULL,NULL,NULL,NULL,NULL,NULL,NULL,NULL),(301,16,30,0,0,0,0,0,0,0,NULL,NULL,NULL,NULL,NULL,NULL,NULL,NULL,NULL,NULL,NULL,NULL,NULL,NULL),(302,16,31,0,0,0,0,0,0,0,NULL,NULL,NULL,NULL,NULL,NULL,NULL,NULL,NULL,NULL,NULL,NULL,NULL,NULL),(303,16,32,0,0,0,0,0,0,0,NULL,NULL,NULL,NULL,NULL,NULL,NULL,NULL,NULL,NULL,NULL,NULL,NULL,NULL),(304,16,33,0,0,0,0,0,0,0,NULL,NULL,NULL,NULL,NULL,NULL,NULL,NULL,NULL,NULL,NULL,NULL,NULL,NULL),(305,16,34,0,0,0,0,0,0,0,NULL,NULL,NULL,NULL,NULL,NULL,NULL,NULL,NULL,NULL,NULL,NULL,NULL,NULL),(306,16,35,0,0,0,0,0,0,0,NULL,NULL,NULL,NULL,NULL,NULL,NULL,NULL,NULL,NULL,NULL,NULL,NULL,NULL),(307,17,36,0,0,0,0,0,0,0,'','','','','','','',NULL,NULL,NULL,NULL,NULL,NULL,NULL),(308,17,37,0,0,0,0,0,0,0,'','','','','','','',NULL,NULL,NULL,NULL,NULL,NULL,NULL),(309,17,38,0,0,0,0,0,0,0,'','','','','','','',NULL,NULL,NULL,NULL,NULL,NULL,NULL),(310,17,39,0,0,0,0,0,0,0,'','','','','','','',NULL,NULL,NULL,NULL,NULL,NULL,NULL),(311,17,40,0,0,0,0,0,0,0,'','','','','','','',NULL,NULL,NULL,NULL,NULL,NULL,NULL),(312,17,41,0,0,0,0,0,0,0,'','','','','','','',NULL,NULL,NULL,NULL,NULL,NULL,NULL),(313,17,42,0,0,0,0,0,0,0,'','','','','','','',NULL,NULL,NULL,NULL,NULL,NULL,NULL),(314,17,43,0,0,0,0,0,0,0,'','','','','','','',NULL,NULL,NULL,NULL,NULL,NULL,NULL),(315,17,44,0,0,0,0,0,0,0,'','','','','','','',NULL,NULL,NULL,NULL,NULL,NULL,NULL),(316,17,45,0,0,0,0,0,0,0,'','','','','','','',NULL,NULL,NULL,NULL,NULL,NULL,NULL),(317,17,46,0,0,0,0,0,0,0,'','','','','','','',NULL,NULL,NULL,NULL,NULL,NULL,NULL),(318,17,47,0,0,0,0,0,0,0,'','','','','','','',NULL,NULL,NULL,NULL,NULL,NULL,NULL),(319,17,48,0,0,0,0,0,0,0,'','','','','','','',NULL,NULL,NULL,NULL,NULL,NULL,NULL),(320,17,49,0,0,0,0,0,0,0,'','','','','','','',NULL,NULL,NULL,NULL,NULL,NULL,NULL),(321,17,50,0,0,0,0,0,0,0,'','','','','','','',NULL,NULL,NULL,NULL,NULL,NULL,NULL),(322,17,51,0,0,0,0,0,0,0,'','','','','','','',NULL,NULL,NULL,NULL,NULL,NULL,NULL),(323,17,52,0,0,0,0,0,0,0,'','','','','','','',NULL,NULL,NULL,NULL,NULL,NULL,NULL),(324,17,53,0,0,0,0,0,0,0,'','','','','','','',NULL,NULL,NULL,NULL,NULL,NULL,NULL),(325,17,54,0,0,0,0,0,0,0,'','','','','','','',NULL,NULL,NULL,NULL,NULL,NULL,NULL),(326,17,55,0,0,0,0,0,0,0,'','','','','','','',NULL,NULL,NULL,NULL,NULL,NULL,NULL),(327,17,56,0,0,0,0,0,0,0,'','','','','','','',NULL,NULL,NULL,NULL,NULL,NULL,NULL),(328,17,57,0,0,0,0,0,0,0,'','','','','','','',NULL,NULL,NULL,NULL,NULL,NULL,NULL),(329,17,58,0,0,0,0,0,0,0,'','','','','','','',NULL,NULL,NULL,NULL,NULL,NULL,NULL),(330,17,59,0,0,0,0,0,0,0,'','','','','','','',NULL,NULL,NULL,NULL,NULL,NULL,NULL),(331,17,60,0,0,0,0,0,0,0,'','','','','','','',NULL,NULL,NULL,NULL,NULL,NULL,NULL),(332,17,61,0,0,0,0,0,0,0,'','','','','','','',NULL,NULL,NULL,NULL,NULL,NULL,NULL),(333,17,62,0,0,0,0,0,0,0,'','','','','','','',NULL,NULL,NULL,NULL,NULL,NULL,NULL),(334,17,63,0,0,0,0,0,0,0,'','','','','','','',NULL,NULL,NULL,NULL,NULL,NULL,NULL),(335,17,64,0,0,0,0,0,0,0,'','','','','','','',NULL,NULL,NULL,NULL,NULL,NULL,NULL),(336,18,65,0,0,0,0,0,0,0,NULL,NULL,NULL,NULL,NULL,NULL,NULL,NULL,NULL,NULL,NULL,NULL,NULL,NULL),(337,18,66,0,0,0,0,0,0,0,NULL,NULL,NULL,NULL,NULL,NULL,NULL,NULL,NULL,NULL,NULL,NULL,NULL,NULL),(338,18,67,0,0,0,0,0,0,0,NULL,NULL,NULL,NULL,NULL,NULL,NULL,NULL,NULL,NULL,NULL,NULL,NULL,NULL),(339,18,68,0,0,0,0,0,0,0,NULL,NULL,NULL,NULL,NULL,NULL,NULL,NULL,NULL,NULL,NULL,NULL,NULL,NULL),(340,18,69,0,0,0,0,0,0,0,NULL,NULL,NULL,NULL,NULL,NULL,NULL,NULL,NULL,NULL,NULL,NULL,NULL,NULL),(341,18,70,0,0,0,0,0,0,0,NULL,NULL,NULL,NULL,NULL,NULL,NULL,NULL,NULL,NULL,NULL,NULL,NULL,NULL),(342,18,71,0,0,0,0,0,0,0,NULL,NULL,NULL,NULL,NULL,NULL,NULL,NULL,NULL,NULL,NULL,NULL,NULL,NULL),(343,18,72,0,0,0,0,0,0,0,NULL,NULL,NULL,NULL,NULL,NULL,NULL,NULL,NULL,NULL,NULL,NULL,NULL,NULL),(344,18,73,0,0,0,0,0,0,0,NULL,NULL,NULL,NULL,NULL,NULL,NULL,NULL,NULL,NULL,NULL,NULL,NULL,NULL),(345,18,74,0,0,0,0,0,0,0,NULL,NULL,NULL,NULL,NULL,NULL,NULL,NULL,NULL,NULL,NULL,NULL,NULL,NULL),(346,18,75,0,0,0,0,0,0,0,NULL,NULL,NULL,NULL,NULL,NULL,NULL,NULL,NULL,NULL,NULL,NULL,NULL,NULL),(347,18,76,0,0,0,0,0,0,0,NULL,NULL,NULL,NULL,NULL,NULL,NULL,NULL,NULL,NULL,NULL,NULL,NULL,NULL),(348,18,77,0,0,0,0,0,0,0,NULL,NULL,NULL,NULL,NULL,NULL,NULL,NULL,NULL,NULL,NULL,NULL,NULL,NULL),(349,18,78,0,0,0,0,0,0,0,NULL,NULL,NULL,NULL,NULL,NULL,NULL,NULL,NULL,NULL,NULL,NULL,NULL,NULL),(350,18,79,0,0,0,0,0,0,0,NULL,NULL,NULL,NULL,NULL,NULL,NULL,NULL,NULL,NULL,NULL,NULL,NULL,NULL),(351,18,80,0,0,0,0,0,0,0,NULL,NULL,NULL,NULL,NULL,NULL,NULL,NULL,NULL,NULL,NULL,NULL,NULL,NULL),(352,18,81,0,0,0,0,0,0,0,NULL,NULL,NULL,NULL,NULL,NULL,NULL,NULL,NULL,NULL,NULL,NULL,NULL,NULL),(353,18,82,0,0,0,0,0,0,0,NULL,NULL,NULL,NULL,NULL,NULL,NULL,NULL,NULL,NULL,NULL,NULL,NULL,NULL),(354,18,83,0,0,0,0,0,0,0,NULL,NULL,NULL,NULL,NULL,NULL,NULL,NULL,NULL,NULL,NULL,NULL,NULL,NULL),(355,18,84,0,0,0,0,0,0,0,NULL,NULL,NULL,NULL,NULL,NULL,NULL,NULL,NULL,NULL,NULL,NULL,NULL,NULL),(356,18,85,0,0,0,0,0,0,0,NULL,NULL,NULL,NULL,NULL,NULL,NULL,NULL,NULL,NULL,NULL,NULL,NULL,NULL),(357,19,36,0,0,0,0,0,0,0,'','','','','','','',NULL,NULL,NULL,NULL,NULL,NULL,NULL),(358,19,37,0,0,0,0,0,0,0,'','','','','','','',NULL,NULL,NULL,NULL,NULL,NULL,NULL),(359,19,38,0,0,0,0,0,0,0,'','','','','','','',NULL,NULL,NULL,NULL,NULL,NULL,NULL),(360,19,39,0,0,0,0,0,0,0,'','','','','','','',NULL,NULL,NULL,NULL,NULL,NULL,NULL),(361,19,40,0,0,0,0,0,0,0,'','','','','','','',NULL,NULL,NULL,NULL,NULL,NULL,NULL),(362,19,41,0,0,0,0,0,0,0,'','','','','','','',NULL,NULL,NULL,NULL,NULL,NULL,NULL),(363,19,42,0,0,0,0,0,0,0,'','','','','','','',NULL,NULL,NULL,NULL,NULL,NULL,NULL),(364,19,43,0,0,0,0,0,0,0,'','','','','','','',NULL,NULL,NULL,NULL,NULL,NULL,NULL),(365,19,44,0,0,0,0,0,0,0,'','','','','','','',NULL,NULL,NULL,NULL,NULL,NULL,NULL),(366,19,45,0,0,0,0,0,0,0,'','','','','','','',NULL,NULL,NULL,NULL,NULL,NULL,NULL),(367,19,46,0,0,0,0,0,0,0,'','','','','','','',NULL,NULL,NULL,NULL,NULL,NULL,NULL),(368,19,47,0,0,0,0,0,0,0,'','','','','','','',NULL,NULL,NULL,NULL,NULL,NULL,NULL),(369,19,48,0,0,0,0,0,0,0,'','','','','','','',NULL,NULL,NULL,NULL,NULL,NULL,NULL),(370,19,49,0,0,0,0,0,0,0,'','','','','','','',NULL,NULL,NULL,NULL,NULL,NULL,NULL),(371,19,50,0,0,0,0,0,0,0,'','','','','','','',NULL,NULL,NULL,NULL,NULL,NULL,NULL),(372,19,51,0,0,0,0,0,0,0,'','','','','','','',NULL,NULL,NULL,NULL,NULL,NULL,NULL),(373,19,52,0,0,0,0,0,0,0,'','','','','','','',NULL,NULL,NULL,NULL,NULL,NULL,NULL),(374,19,53,0,0,0,0,0,0,0,'','','','','','','',NULL,NULL,NULL,NULL,NULL,NULL,NULL),(375,19,54,0,0,0,0,0,0,0,'','','','','','','',NULL,NULL,NULL,NULL,NULL,NULL,NULL),(376,19,55,0,0,0,0,0,0,0,'','','','','','','',NULL,NULL,NULL,NULL,NULL,NULL,NULL),(377,19,56,0,0,0,0,0,0,0,'','','','','','','',NULL,NULL,NULL,NULL,NULL,NULL,NULL),(378,19,57,0,0,0,0,0,0,0,'','','','','','','',NULL,NULL,NULL,NULL,NULL,NULL,NULL),(379,19,58,0,0,0,0,0,0,0,'','','','','','','',NULL,NULL,NULL,NULL,NULL,NULL,NULL),(380,19,59,0,0,0,0,0,0,0,'','','','','','','',NULL,NULL,NULL,NULL,NULL,NULL,NULL),(381,19,60,0,0,0,0,0,0,0,'','','','','','','',NULL,NULL,NULL,NULL,NULL,NULL,NULL),(382,19,61,0,0,0,0,0,0,0,'','','','','','','',NULL,NULL,NULL,NULL,NULL,NULL,NULL),(383,19,62,0,0,0,0,0,0,0,'','','','','','','',NULL,NULL,NULL,NULL,NULL,NULL,NULL),(384,19,63,0,0,0,0,0,0,0,'','','','','','','',NULL,NULL,NULL,NULL,NULL,NULL,NULL),(385,19,64,0,0,0,0,0,0,0,'','','','','','','',NULL,NULL,NULL,NULL,NULL,NULL,NULL),(386,20,65,0,0,0,0,0,0,0,NULL,NULL,NULL,NULL,NULL,NULL,NULL,NULL,NULL,NULL,NULL,NULL,NULL,NULL),(387,20,66,0,0,0,0,0,0,0,NULL,NULL,NULL,NULL,NULL,NULL,NULL,NULL,NULL,NULL,NULL,NULL,NULL,NULL),(388,20,67,0,0,0,0,0,0,0,NULL,NULL,NULL,NULL,NULL,NULL,NULL,NULL,NULL,NULL,NULL,NULL,NULL,NULL),(389,20,68,0,0,0,0,0,0,0,NULL,NULL,NULL,NULL,NULL,NULL,NULL,NULL,NULL,NULL,NULL,NULL,NULL,NULL),(390,20,69,0,0,0,0,0,0,0,NULL,NULL,NULL,NULL,NULL,NULL,NULL,NULL,NULL,NULL,NULL,NULL,NULL,NULL),(391,20,70,0,0,0,0,0,0,0,NULL,NULL,NULL,NULL,NULL,NULL,NULL,NULL,NULL,NULL,NULL,NULL,NULL,NULL),(392,20,71,0,0,0,0,0,0,0,NULL,NULL,NULL,NULL,NULL,NULL,NULL,NULL,NULL,NULL,NULL,NULL,NULL,NULL),(393,20,72,0,0,0,0,0,0,0,NULL,NULL,NULL,NULL,NULL,NULL,NULL,NULL,NULL,NULL,NULL,NULL,NULL,NULL),(394,20,73,0,0,0,0,0,0,0,NULL,NULL,NULL,NULL,NULL,NULL,NULL,NULL,NULL,NULL,NULL,NULL,NULL,NULL),(395,20,74,0,0,0,0,0,0,0,NULL,NULL,NULL,NULL,NULL,NULL,NULL,NULL,NULL,NULL,NULL,NULL,NULL,NULL),(396,20,75,0,0,0,0,0,0,0,NULL,NULL,NULL,NULL,NULL,NULL,NULL,NULL,NULL,NULL,NULL,NULL,NULL,NULL),(397,20,76,0,0,0,0,0,0,0,NULL,NULL,NULL,NULL,NULL,NULL,NULL,NULL,NULL,NULL,NULL,NULL,NULL,NULL),(398,20,77,0,0,0,0,0,0,0,NULL,NULL,NULL,NULL,NULL,NULL,NULL,NULL,NULL,NULL,NULL,NULL,NULL,NULL),(399,20,78,0,0,0,0,0,0,0,NULL,NULL,NULL,NULL,NULL,NULL,NULL,NULL,NULL,NULL,NULL,NULL,NULL,NULL),(400,20,79,0,0,0,0,0,0,0,NULL,NULL,NULL,NULL,NULL,NULL,NULL,NULL,NULL,NULL,NULL,NULL,NULL,NULL),(401,20,80,0,0,0,0,0,0,0,NULL,NULL,NULL,NULL,NULL,NULL,NULL,NULL,NULL,NULL,NULL,NULL,NULL,NULL),(402,20,81,0,0,0,0,0,0,0,NULL,NULL,NULL,NULL,NULL,NULL,NULL,NULL,NULL,NULL,NULL,NULL,NULL,NULL),(403,20,82,0,0,0,0,0,0,0,NULL,NULL,NULL,NULL,NULL,NULL,NULL,NULL,NULL,NULL,NULL,NULL,NULL,NULL),(404,20,83,0,0,0,0,0,0,0,NULL,NULL,NULL,NULL,NULL,NULL,NULL,NULL,NULL,NULL,NULL,NULL,NULL,NULL),(405,20,84,0,0,0,0,0,0,0,NULL,NULL,NULL,NULL,NULL,NULL,NULL,NULL,NULL,NULL,NULL,NULL,NULL,NULL),(406,20,85,0,0,0,0,0,0,0,NULL,NULL,NULL,NULL,NULL,NULL,NULL,NULL,NULL,NULL,NULL,NULL,NULL,NULL),(407,21,1,0,0,0,0,0,0,0,NULL,NULL,NULL,NULL,NULL,NULL,NULL,NULL,NULL,NULL,NULL,NULL,NULL,NULL),(408,21,2,0,0,0,0,0,0,0,NULL,NULL,NULL,NULL,NULL,NULL,NULL,NULL,NULL,NULL,NULL,NULL,NULL,NULL),(409,21,3,0,0,0,0,0,0,0,NULL,NULL,NULL,NULL,NULL,NULL,NULL,NULL,NULL,NULL,NULL,NULL,NULL,NULL),(410,21,4,0,0,0,0,0,0,0,NULL,NULL,NULL,NULL,NULL,NULL,NULL,NULL,NULL,NULL,NULL,NULL,NULL,NULL),(411,21,5,0,0,0,0,0,0,0,NULL,NULL,NULL,NULL,NULL,NULL,NULL,NULL,NULL,NULL,NULL,NULL,NULL,NULL),(412,21,6,0,0,0,0,0,0,0,NULL,NULL,NULL,NULL,NULL,NULL,NULL,NULL,NULL,NULL,NULL,NULL,NULL,NULL),(413,21,7,0,0,0,0,0,0,0,NULL,NULL,NULL,NULL,NULL,NULL,NULL,NULL,NULL,NULL,NULL,NULL,NULL,NULL),(414,21,8,0,0,0,0,0,0,0,NULL,NULL,NULL,NULL,NULL,NULL,NULL,NULL,NULL,NULL,NULL,NULL,NULL,NULL),(415,21,9,0,0,0,0,0,0,0,NULL,NULL,NULL,NULL,NULL,NULL,NULL,NULL,NULL,NULL,NULL,NULL,NULL,NULL),(416,21,10,0,0,0,0,0,0,0,NULL,NULL,NULL,NULL,NULL,NULL,NULL,NULL,NULL,NULL,NULL,NULL,NULL,NULL),(417,21,11,0,0,0,0,0,0,0,NULL,NULL,NULL,NULL,NULL,NULL,NULL,NULL,NULL,NULL,NULL,NULL,NULL,NULL),(418,21,12,0,0,0,0,0,0,0,NULL,NULL,NULL,NULL,NULL,NULL,NULL,NULL,NULL,NULL,NULL,NULL,NULL,NULL),(419,21,13,0,0,0,0,0,0,0,NULL,NULL,NULL,NULL,NULL,NULL,NULL,NULL,NULL,NULL,NULL,NULL,NULL,NULL),(420,21,14,0,0,0,0,0,0,0,NULL,NULL,NULL,NULL,NULL,NULL,NULL,NULL,NULL,NULL,NULL,NULL,NULL,NULL),(421,21,15,0,0,0,0,0,0,0,NULL,NULL,NULL,NULL,NULL,NULL,NULL,NULL,NULL,NULL,NULL,NULL,NULL,NULL),(422,21,16,0,0,0,0,0,0,0,NULL,NULL,NULL,NULL,NULL,NULL,NULL,NULL,NULL,NULL,NULL,NULL,NULL,NULL),(423,21,17,0,0,0,0,0,0,0,NULL,NULL,NULL,NULL,NULL,NULL,NULL,NULL,NULL,NULL,NULL,NULL,NULL,NULL),(424,21,18,0,0,0,0,0,0,0,NULL,NULL,NULL,NULL,NULL,NULL,NULL,NULL,NULL,NULL,NULL,NULL,NULL,NULL),(425,21,19,0,0,0,0,0,0,0,NULL,NULL,NULL,NULL,NULL,NULL,NULL,NULL,NULL,NULL,NULL,NULL,NULL,NULL),(426,21,20,0,0,0,0,0,0,0,NULL,NULL,NULL,NULL,NULL,NULL,NULL,NULL,NULL,NULL,NULL,NULL,NULL,NULL),(427,21,21,0,0,0,0,0,0,0,NULL,NULL,NULL,NULL,NULL,NULL,NULL,NULL,NULL,NULL,NULL,NULL,NULL,NULL),(428,21,22,0,0,0,0,0,0,0,NULL,NULL,NULL,NULL,NULL,NULL,NULL,NULL,NULL,NULL,NULL,NULL,NULL,NULL),(429,21,23,0,0,0,0,0,0,0,NULL,NULL,NULL,NULL,NULL,NULL,NULL,NULL,NULL,NULL,NULL,NULL,NULL,NULL),(430,21,24,0,0,0,0,0,0,0,NULL,NULL,NULL,NULL,NULL,NULL,NULL,NULL,NULL,NULL,NULL,NULL,NULL,NULL),(431,21,25,0,0,0,0,0,0,0,NULL,NULL,NULL,NULL,NULL,NULL,NULL,NULL,NULL,NULL,NULL,NULL,NULL,NULL),(432,21,26,0,0,0,0,0,0,0,NULL,NULL,NULL,NULL,NULL,NULL,NULL,NULL,NULL,NULL,NULL,NULL,NULL,NULL),(433,21,27,0,0,0,0,0,0,0,NULL,NULL,NULL,NULL,NULL,NULL,NULL,NULL,NULL,NULL,NULL,NULL,NULL,NULL),(434,21,28,0,0,0,0,0,0,0,NULL,NULL,NULL,NULL,NULL,NULL,NULL,NULL,NULL,NULL,NULL,NULL,NULL,NULL),(435,21,29,0,0,0,0,0,0,0,NULL,NULL,NULL,NULL,NULL,NULL,NULL,NULL,NULL,NULL,NULL,NULL,NULL,NULL),(436,21,30,0,0,0,0,0,0,0,NULL,NULL,NULL,NULL,NULL,NULL,NULL,NULL,NULL,NULL,NULL,NULL,NULL,NULL),(437,21,31,0,0,0,0,0,0,0,NULL,NULL,NULL,NULL,NULL,NULL,NULL,NULL,NULL,NULL,NULL,NULL,NULL,NULL),(438,21,32,0,0,0,0,0,0,0,NULL,NULL,NULL,NULL,NULL,NULL,NULL,NULL,NULL,NULL,NULL,NULL,NULL,NULL),(439,21,33,0,0,0,0,0,0,0,NULL,NULL,NULL,NULL,NULL,NULL,NULL,NULL,NULL,NULL,NULL,NULL,NULL,NULL),(440,21,34,0,0,0,0,0,0,0,NULL,NULL,NULL,NULL,NULL,NULL,NULL,NULL,NULL,NULL,NULL,NULL,NULL,NULL),(441,21,35,0,0,0,0,0,0,0,NULL,NULL,NULL,NULL,NULL,NULL,NULL,NULL,NULL,NULL,NULL,NULL,NULL,NULL),(442,22,1,0,0,0,0,0,0,0,NULL,NULL,NULL,NULL,NULL,NULL,NULL,NULL,NULL,NULL,NULL,NULL,NULL,NULL),(443,22,2,0,0,0,0,0,0,0,NULL,NULL,NULL,NULL,NULL,NULL,NULL,NULL,NULL,NULL,NULL,NULL,NULL,NULL),(444,22,3,0,0,0,0,0,0,0,NULL,NULL,NULL,NULL,NULL,NULL,NULL,NULL,NULL,NULL,NULL,NULL,NULL,NULL),(445,22,4,0,0,0,0,0,0,0,NULL,NULL,NULL,NULL,NULL,NULL,NULL,NULL,NULL,NULL,NULL,NULL,NULL,NULL),(446,22,5,0,0,0,0,0,0,0,NULL,NULL,NULL,NULL,NULL,NULL,NULL,NULL,NULL,NULL,NULL,NULL,NULL,NULL),(447,22,6,0,0,0,0,0,0,0,NULL,NULL,NULL,NULL,NULL,NULL,NULL,NULL,NULL,NULL,NULL,NULL,NULL,NULL),(448,22,7,0,0,0,0,0,0,0,NULL,NULL,NULL,NULL,NULL,NULL,NULL,NULL,NULL,NULL,NULL,NULL,NULL,NULL),(449,22,8,0,0,0,0,0,0,0,NULL,NULL,NULL,NULL,NULL,NULL,NULL,NULL,NULL,NULL,NULL,NULL,NULL,NULL),(450,22,9,0,0,0,0,0,0,0,NULL,NULL,NULL,NULL,NULL,NULL,NULL,NULL,NULL,NULL,NULL,NULL,NULL,NULL),(451,22,10,0,0,0,0,0,0,0,NULL,NULL,NULL,NULL,NULL,NULL,NULL,NULL,NULL,NULL,NULL,NULL,NULL,NULL),(452,22,11,0,0,0,0,0,0,0,NULL,NULL,NULL,NULL,NULL,NULL,NULL,NULL,NULL,NULL,NULL,NULL,NULL,NULL),(453,22,12,0,0,0,0,0,0,0,NULL,NULL,NULL,NULL,NULL,NULL,NULL,NULL,NULL,NULL,NULL,NULL,NULL,NULL),(454,22,13,0,0,0,0,0,0,0,NULL,NULL,NULL,NULL,NULL,NULL,NULL,NULL,NULL,NULL,NULL,NULL,NULL,NULL),(455,22,14,0,0,0,0,0,0,0,NULL,NULL,NULL,NULL,NULL,NULL,NULL,NULL,NULL,NULL,NULL,NULL,NULL,NULL),(456,22,15,0,0,0,0,0,0,0,NULL,NULL,NULL,NULL,NULL,NULL,NULL,NULL,NULL,NULL,NULL,NULL,NULL,NULL),(457,22,16,0,0,0,0,0,0,0,NULL,NULL,NULL,NULL,NULL,NULL,NULL,NULL,NULL,NULL,NULL,NULL,NULL,NULL),(458,22,17,0,0,0,0,0,0,0,NULL,NULL,NULL,NULL,NULL,NULL,NULL,NULL,NULL,NULL,NULL,NULL,NULL,NULL),(459,22,18,0,0,0,0,0,0,0,NULL,NULL,NULL,NULL,NULL,NULL,NULL,NULL,NULL,NULL,NULL,NULL,NULL,NULL),(460,22,19,0,0,0,0,0,0,0,NULL,NULL,NULL,NULL,NULL,NULL,NULL,NULL,NULL,NULL,NULL,NULL,NULL,NULL),(461,22,20,0,0,0,0,0,0,0,NULL,NULL,NULL,NULL,NULL,NULL,NULL,NULL,NULL,NULL,NULL,NULL,NULL,NULL),(462,22,21,0,0,0,0,0,0,0,NULL,NULL,NULL,NULL,NULL,NULL,NULL,NULL,NULL,NULL,NULL,NULL,NULL,NULL),(463,22,22,0,0,0,0,0,0,0,NULL,NULL,NULL,NULL,NULL,NULL,NULL,NULL,NULL,NULL,NULL,NULL,NULL,NULL),(464,22,23,0,0,0,0,0,0,0,NULL,NULL,NULL,NULL,NULL,NULL,NULL,NULL,NULL,NULL,NULL,NULL,NULL,NULL),(465,22,24,0,0,0,0,0,0,0,NULL,NULL,NULL,NULL,NULL,NULL,NULL,NULL,NULL,NULL,NULL,NULL,NULL,NULL),(466,22,25,0,0,0,0,0,0,0,NULL,NULL,NULL,NULL,NULL,NULL,NULL,NULL,NULL,NULL,NULL,NULL,NULL,NULL),(467,22,26,0,0,0,0,0,0,0,NULL,NULL,NULL,NULL,NULL,NULL,NULL,NULL,NULL,NULL,NULL,NULL,NULL,NULL),(468,22,27,0,0,0,0,0,0,0,NULL,NULL,NULL,NULL,NULL,NULL,NULL,NULL,NULL,NULL,NULL,NULL,NULL,NULL),(469,22,28,0,0,0,0,0,0,0,NULL,NULL,NULL,NULL,NULL,NULL,NULL,NULL,NULL,NULL,NULL,NULL,NULL,NULL),(470,22,29,0,0,0,0,0,0,0,NULL,NULL,NULL,NULL,NULL,NULL,NULL,NULL,NULL,NULL,NULL,NULL,NULL,NULL),(471,22,30,0,0,0,0,0,0,0,NULL,NULL,NULL,NULL,NULL,NULL,NULL,NULL,NULL,NULL,NULL,NULL,NULL,NULL),(472,22,31,0,0,0,0,0,0,0,NULL,NULL,NULL,NULL,NULL,NULL,NULL,NULL,NULL,NULL,NULL,NULL,NULL,NULL),(473,22,32,0,0,0,0,0,0,0,NULL,NULL,NULL,NULL,NULL,NULL,NULL,NULL,NULL,NULL,NULL,NULL,NULL,NULL),(474,22,33,0,0,0,0,0,0,0,NULL,NULL,NULL,NULL,NULL,NULL,NULL,NULL,NULL,NULL,NULL,NULL,NULL,NULL),(475,22,34,0,0,0,0,0,0,0,NULL,NULL,NULL,NULL,NULL,NULL,NULL,NULL,NULL,NULL,NULL,NULL,NULL,NULL),(476,22,35,0,0,0,0,0,0,0,NULL,NULL,NULL,NULL,NULL,NULL,NULL,NULL,NULL,NULL,NULL,NULL,NULL,NULL);
/*!40000 ALTER TABLE `alumnos_subtema_progreso` ENABLE KEYS */;
UNLOCK TABLES;

--
-- Table structure for table `alumnos_tema`
--

DROP TABLE IF EXISTS `alumnos_tema`;
/*!40101 SET @saved_cs_client     = @@character_set_client */;
/*!40101 SET character_set_client = utf8 */;
CREATE TABLE `alumnos_tema` (
  `id` int(11) NOT NULL AUTO_INCREMENT,
  `curp` varchar(18) NOT NULL,
  `tema_id` int(11) NOT NULL,
  `fecha_asignacion` timestamp NOT NULL DEFAULT current_timestamp(),
  PRIMARY KEY (`id`),
  KEY `curp` (`curp`),
  KEY `tema_id` (`tema_id`),
  CONSTRAINT `alumnos_tema_ibfk_1` FOREIGN KEY (`curp`) REFERENCES `alumnos` (`curp`) ON DELETE CASCADE,
  CONSTRAINT `alumnos_tema_ibfk_2` FOREIGN KEY (`tema_id`) REFERENCES `temas` (`id`) ON DELETE CASCADE
) ENGINE=InnoDB AUTO_INCREMENT=23 DEFAULT CHARSET=utf8mb4 COLLATE=utf8mb4_general_ci;
/*!40101 SET character_set_client = @saved_cs_client */;

--
-- Dumping data for table `alumnos_tema`
--

LOCK TABLES `alumnos_tema` WRITE;
/*!40000 ALTER TABLE `alumnos_tema` DISABLE KEYS */;
INSERT INTO `alumnos_tema` VALUES (1,'AITB140621MCLVTRA8',1,'2025-07-10 00:22:11'),(4,'AITM161119MCLVTRA8',2,'2025-07-10 00:36:37'),(5,'AIEC150601MCLVSRA0',2,'2025-07-10 01:53:12'),(6,'AITB140621MCLVTRA8',2,'2025-07-10 05:46:30'),(8,'CAAM130925HCLBNTA4',4,'2025-07-10 07:04:45'),(9,'CAMS031231HCLHRNA3',1,'2025-07-10 07:06:44'),(10,'PUEJ140618HCLNSNA6',1,'2025-07-10 07:07:18'),(11,'MEMT170125HCLNNHA9',6,'2025-07-10 07:07:31'),(12,'MEML140402HCLNNSA1',2,'2025-07-10 07:07:45'),(15,'AUVF180315MCLRLTA0',5,'2025-07-10 22:11:54'),(16,'AUVF180315MCLRLTA0',1,'2025-07-10 22:12:03'),(17,'MAAC010901HCLRLHA2',2,'2025-07-10 22:12:23'),(18,'MAAC010901HCLRLHA2',3,'2025-07-10 22:12:30'),(19,'PEPS110620HCLRRNA3',2,'2025-07-10 22:12:41'),(20,'MOCM591215HCLRNR09',3,'2025-07-10 22:12:53'),(21,'JIBA620910MCLMRN00',1,'2025-07-10 22:13:11'),(22,'MUGA150502MCLXRLA8',1,'2025-07-10 22:13:23');
/*!40000 ALTER TABLE `alumnos_tema` ENABLE KEYS */;
UNLOCK TABLES;

--
-- Table structure for table `asistencia`
--

DROP TABLE IF EXISTS `asistencia`;
/*!40101 SET @saved_cs_client     = @@character_set_client */;
/*!40101 SET character_set_client = utf8 */;
CREATE TABLE `asistencia` (
  `id` int(11) NOT NULL AUTO_INCREMENT,
  `alumno_curp` varchar(18) NOT NULL,
  `clase_id` int(11) NOT NULL,
  `fecha` date NOT NULL,
  `estado` enum('asistio','justifico','falto') NOT NULL,
  `registrado_en` timestamp NOT NULL DEFAULT current_timestamp(),
  PRIMARY KEY (`id`),
  UNIQUE KEY `alumno_curp` (`alumno_curp`,`clase_id`,`fecha`),
  KEY `clase_id` (`clase_id`),
  CONSTRAINT `asistencia_ibfk_1` FOREIGN KEY (`alumno_curp`) REFERENCES `alumnos` (`curp`),
  CONSTRAINT `asistencia_ibfk_2` FOREIGN KEY (`clase_id`) REFERENCES `clases` (`id`)
) ENGINE=InnoDB AUTO_INCREMENT=7 DEFAULT CHARSET=utf8mb4 COLLATE=utf8mb4_general_ci;
/*!40101 SET character_set_client = @saved_cs_client */;

--
-- Dumping data for table `asistencia`
--

LOCK TABLES `asistencia` WRITE;
/*!40000 ALTER TABLE `asistencia` DISABLE KEYS */;
INSERT INTO `asistencia` VALUES (1,'AITB140621MCLVTRA8',1,'2025-07-09','asistio','2025-07-10 05:48:40'),(2,'AITB140621MCLVTRA8',1,'2025-07-10','asistio','2025-07-10 06:19:35'),(3,'AITB140621MCLVTRA8',2,'2025-07-10','falto','2025-07-10 06:19:18'),(4,'AITM161119MCLVTRA8',2,'2025-07-10','falto','2025-07-10 06:19:18'),(6,'AIEC150601MCLVSRA0',1,'2025-07-10','justifico','2025-07-10 06:19:35');
/*!40000 ALTER TABLE `asistencia` ENABLE KEYS */;
UNLOCK TABLES;

--
-- Table structure for table `clases`
--

DROP TABLE IF EXISTS `clases`;
/*!40101 SET @saved_cs_client     = @@character_set_client */;
/*!40101 SET character_set_client = utf8 */;
CREATE TABLE `clases` (
  `id` int(11) NOT NULL AUTO_INCREMENT,
  `nombre` varchar(50) NOT NULL,
  PRIMARY KEY (`id`),
  UNIQUE KEY `nombre` (`nombre`)
) ENGINE=InnoDB AUTO_INCREMENT=7 DEFAULT CHARSET=utf8mb4 COLLATE=utf8mb4_general_ci;
/*!40101 SET character_set_client = @saved_cs_client */;

--
-- Dumping data for table `clases`
--

LOCK TABLES `clases` WRITE;
/*!40000 ALTER TABLE `clases` DISABLE KEYS */;
INSERT INTO `clases` VALUES (1,'BATERIA'),(6,'CANTO'),(5,'DIBUJO'),(4,'GUITARRA'),(2,'PIANO'),(3,'VIOLIN');
/*!40000 ALTER TABLE `clases` ENABLE KEYS */;
UNLOCK TABLES;

--
-- Table structure for table `dias_sin_clase`
--

DROP TABLE IF EXISTS `dias_sin_clase`;
/*!40101 SET @saved_cs_client     = @@character_set_client */;
/*!40101 SET character_set_client = utf8 */;
CREATE TABLE `dias_sin_clase` (
  `id` int(11) NOT NULL AUTO_INCREMENT,
  `clase_id` int(11) NOT NULL,
  `fecha` date NOT NULL,
  `motivo` enum('cancelada','vacaciones') NOT NULL,
  PRIMARY KEY (`id`),
  UNIQUE KEY `clase_id` (`clase_id`,`fecha`),
  CONSTRAINT `dias_sin_clase_ibfk_1` FOREIGN KEY (`clase_id`) REFERENCES `clases` (`id`)
) ENGINE=InnoDB DEFAULT CHARSET=utf8mb4 COLLATE=utf8mb4_general_ci;
/*!40101 SET character_set_client = @saved_cs_client */;

--
-- Dumping data for table `dias_sin_clase`
--

LOCK TABLES `dias_sin_clase` WRITE;
/*!40000 ALTER TABLE `dias_sin_clase` DISABLE KEYS */;
/*!40000 ALTER TABLE `dias_sin_clase` ENABLE KEYS */;
UNLOCK TABLES;

--
-- Table structure for table `pagos_mensualidad`
--

DROP TABLE IF EXISTS `pagos_mensualidad`;
/*!40101 SET @saved_cs_client     = @@character_set_client */;
/*!40101 SET character_set_client = utf8 */;
CREATE TABLE `pagos_mensualidad` (
  `id` int(11) NOT NULL AUTO_INCREMENT,
  `alumno_curp` varchar(18) DEFAULT NULL,
  `año` int(11) DEFAULT NULL,
  `mes` int(11) DEFAULT NULL,
  `fecha_pago` timestamp NOT NULL DEFAULT current_timestamp(),
  `monto` decimal(10,2) DEFAULT NULL,
  PRIMARY KEY (`id`),
  UNIQUE KEY `alumno_curp` (`alumno_curp`,`año`,`mes`),
  CONSTRAINT `pagos_mensualidad_ibfk_1` FOREIGN KEY (`alumno_curp`) REFERENCES `alumnos` (`curp`) ON DELETE CASCADE
) ENGINE=InnoDB AUTO_INCREMENT=5 DEFAULT CHARSET=utf8mb4 COLLATE=utf8mb4_general_ci;
/*!40101 SET character_set_client = @saved_cs_client */;

--
-- Dumping data for table `pagos_mensualidad`
--

LOCK TABLES `pagos_mensualidad` WRITE;
/*!40000 ALTER TABLE `pagos_mensualidad` DISABLE KEYS */;
/*!40000 ALTER TABLE `pagos_mensualidad` ENABLE KEYS */;
UNLOCK TABLES;

--
-- Table structure for table `subtemas`
--

DROP TABLE IF EXISTS `subtemas`;
/*!40101 SET @saved_cs_client     = @@character_set_client */;
/*!40101 SET character_set_client = utf8 */;
CREATE TABLE `subtemas` (
  `id` int(11) NOT NULL AUTO_INCREMENT,
  `tema_id` int(11) NOT NULL,
  `nombre` varchar(100) NOT NULL,
  PRIMARY KEY (`id`),
  KEY `tema_id` (`tema_id`),
  CONSTRAINT `subtemas_ibfk_1` FOREIGN KEY (`tema_id`) REFERENCES `temas` (`id`) ON DELETE CASCADE
) ENGINE=InnoDB AUTO_INCREMENT=100 DEFAULT CHARSET=utf8mb4 COLLATE=utf8mb4_general_ci;
/*!40101 SET character_set_client = @saved_cs_client */;

--
-- Dumping data for table `subtemas`
--

LOCK TABLES `subtemas` WRITE;
/*!40000 ALTER TABLE `subtemas` DISABLE KEYS */;
INSERT INTO `subtemas` VALUES (1,1,'P.A    P.C'),(2,1,'MODELO 1              C - F - G'),(3,1,'I LAVA YOU'),(4,1,'MODELO 2               D - E - A'),(5,1,'MODELO 3                  B'),(6,1,'ACORDES               menores'),(7,1,'ACORDES                      #'),(8,1,'ACORDES                       #m'),(9,1,'1.- MARCHA DE LOS GEMELOS'),(10,1,'2.- FELICES NIÑOS'),(11,1,'3.- ARRIBA  ABAJO'),(12,1,'4.- LA SI DO'),(13,1,'5.- LA ESCALA'),(14,1,'6.- LOS NIÑOS Y EL POZO'),(15,1,'7.- MISIFU'),(16,1,'8.- EL PARTIDO DE PELOTA'),(17,1,'9.- LA FINCA DE TOMAS'),(18,1,'10.- JOSE SABE CABALGAR'),(19,1,'11.- MARCHEMOS'),(20,1,'12.- CANCION DE EL SOL'),(21,1,'13.- REMAR'),(22,1,'14.- CHINITA'),(23,1,'15.-EL RELOJ'),(24,1,'16.- MARI TIENE UN GRAN AMOR'),(25,1,'17.- ESTRELLITA'),(26,1,'18.- EL VIEJO SAN NICOLAS'),(27,1,'19.- SANTA'),(28,1,'20.- EL BANJO'),(29,1,'21.- SEGUIMOS AL JEFE'),(30,1,'22.- DIN DAN'),(31,1,'23.- DUERME NIÑA'),(32,1,'24.- PRACTICAR'),(33,1,'25.- EL GORREON'),(34,1,'26.- EL CARPINTERO'),(35,1,'27.- DONDE ESTA MI PERRO'),(36,2,'CALENTAMIENTO'),(37,2,'ANATOMIA DE LA BATERIA'),(38,2,'4TOS                  SIMPLE , DOBLE , FLAM'),(39,2,'4TOS                   CORCHEA EN TOMS'),(40,2,'4TOS                       C/R 4 TIEMPOS'),(41,2,'4TOS                       C/R 2 TIEMPOS'),(42,2,'8VOS                      C/R 4 TIEMPOS'),(43,2,'8VOS                      C/R   2 TIEMPOS'),(44,2,'SEMICORCHEA'),(45,2,'4TOS                   C/R         SEMICORCHEA           4 TIEMPOS'),(46,2,'4TOS                   C/R         SEMICORCHEA            2 TIEMPOS'),(47,2,'8VOS                  C/R         SEMICORCHEA            4 TIEMPOS'),(48,2,'8VOS                  C/R          SEMICORCHEA             2 TIEMPOS'),(49,2,'4TOS                   C/R         SEMI Y CORCHEA         4 TIEMPOS'),(50,2,'4TOS                   C/R         SEMI Y CORCHEA         2 TIEMPOS'),(51,2,'8VOS                   C/R         SEMI Y CORCHEA          4 TIEMPOS'),(52,2,'8VOS                   C/R         SEMI Y CORCHEA          2 TIEMPOS'),(53,2,'TRESILLO'),(54,2,'METRICA COMBINADA'),(55,2,'VARIACION DE RITMO 1'),(56,2,'VARIACION DE RITMO 2'),(57,2,'VARIACION DE RITMO 3'),(58,2,'VARIACION DE RITMO 4'),(59,2,'VARIACION DE RITMO 5'),(60,2,'VARIACION DE RITMO 6'),(61,2,'VARIACION DE RITMO 7'),(62,2,'VARIACION DE RITMO 8'),(63,2,'VARIACION DE RITMO 9'),(64,2,'VARIACION DE RITMO 10'),(65,3,'ANATOMIA DE GUITARRA'),(66,3,'A - E - D'),(67,3,'G - C'),(68,3,'Am - Em - Dm'),(69,3,'D7 - G7'),(70,3,'CIRCULO DE C'),(71,3,'CIRCULO DE G'),(72,3,'RITMOS'),(73,3,'E - Em - E7'),(74,3,'A - Am - A7'),(75,3,'F - B'),(76,3,'TABLA DE GRADOS ARMONICOS'),(77,3,'GUITARRA POR NOTA'),(78,3,'F - F# - G'),(79,3,'A - A# - B'),(80,3,'CIFRADO AMERICANO'),(81,3,'CIRCULO DE A'),(82,3,'CIRCULO DE E'),(83,3,'CIRCULO DE D'),(84,3,'CIRCULO DE F'),(85,3,'CIRCULO DE B'),(86,4,'ANATOMIA DE VIOLIN'),(87,4,'EJERCICIO 1         E - A - D - G     REDONDA'),(88,4,'EJERCICIO 2         E - A - D - G     BLANCAS'),(89,4,'EJERCICIO 3         E - A - D - G      NEGRAS'),(90,4,'EJERCICIO 4          E - A - D - G     CORCHEA'),(91,4,'EJERCICIO 5            D  NEGRAS Y BLANCAS'),(92,4,'EJERCICIO 6           D   NEGRAS Y SILENCIOS'),(93,4,'EJERCICIO 7         E Y D'),(94,4,'EL GRILLITO TOCA SU VIOLIN'),(95,4,'A MI MONO LE GUSTA LA LECHUGA'),(96,4,'MARIA TENIA UN PEQUEÑO CORDERO'),(97,4,'EN FILA'),(98,4,'BRINCANDO'),(99,4,'ESTRELLITA');
/*!40000 ALTER TABLE `subtemas` ENABLE KEYS */;
UNLOCK TABLES;

--
-- Table structure for table `temas`
--

DROP TABLE IF EXISTS `temas`;
/*!40101 SET @saved_cs_client     = @@character_set_client */;
/*!40101 SET character_set_client = utf8 */;
CREATE TABLE `temas` (
  `id` int(11) NOT NULL AUTO_INCREMENT,
  `nombre` varchar(100) NOT NULL,
  PRIMARY KEY (`id`)
) ENGINE=InnoDB AUTO_INCREMENT=8 DEFAULT CHARSET=utf8mb4 COLLATE=utf8mb4_general_ci;
/*!40101 SET character_set_client = @saved_cs_client */;

--
-- Dumping data for table `temas`
--

LOCK TABLES `temas` WRITE;
/*!40000 ALTER TABLE `temas` DISABLE KEYS */;
INSERT INTO `temas` VALUES (1,'PIANO 1'),(2,'DRUMS 1'),(3,'GUITARRA 1'),(4,'VIOLIN 1'),(5,'CANTO 1'),(6,'DIBUJO'),(7,'BAJO');
/*!40000 ALTER TABLE `temas` ENABLE KEYS */;
UNLOCK TABLES;
/*!40103 SET TIME_ZONE=@OLD_TIME_ZONE */;

/*!40101 SET SQL_MODE=@OLD_SQL_MODE */;
/*!40014 SET FOREIGN_KEY_CHECKS=@OLD_FOREIGN_KEY_CHECKS */;
/*!40014 SET UNIQUE_CHECKS=@OLD_UNIQUE_CHECKS */;
/*!40101 SET CHARACTER_SET_CLIENT=@OLD_CHARACTER_SET_CLIENT */;
/*!40101 SET CHARACTER_SET_RESULTS=@OLD_CHARACTER_SET_RESULTS */;
/*!40101 SET COLLATION_CONNECTION=@OLD_COLLATION_CONNECTION */;
/*!40111 SET SQL_NOTES=@OLD_SQL_NOTES */;

-- Dump completed on 2025-07-10 16:23:14
