-- MariaDB dump 10.19  Distrib 10.4.32-MariaDB, for Win64 (AMD64)
--
-- Host: localhost    Database: AcademiaMusica
-- ------------------------------------------------------
-- Server version	10.4.32-MariaDB

/*!40101 SET @OLD_CHARACTER_SET_CLIENT=@@CHARACTER_SET_CLIENT */;
/*!40101 SET @OLD_CHARACTER_SET_RESULTS=@@CHARACTER_SET_RESULTS */;
/*!40101 SET @OLD_COLLATION_CONNECTION=@@COLLATION_CONNECTION */;
/*!40101 SET NAMES utf8mb4 */;
/*!40103 SET @OLD_TIME_ZONE=@@TIME_ZONE */;
/*!40103 SET TIME_ZONE='+00:00' */;
/*!40014 SET @OLD_UNIQUE_CHECKS=@@UNIQUE_CHECKS, UNIQUE_CHECKS=0 */;
/*!40014 SET @OLD_FOREIGN_KEY_CHECKS=@@FOREIGN_KEY_CHECKS, FOREIGN_KEY_CHECKS=0 */;
/*!40101 SET @OLD_SQL_MODE=@@SQL_MODE, SQL_MODE='NO_AUTO_VALUE_ON_ZERO' */;
/*!40111 SET @OLD_SQL_NOTES=@@SQL_NOTES, SQL_NOTES=0 */;

--
-- Table structure for table `alumno_clases`
--

DROP TABLE IF EXISTS `alumno_clases`;
/*!40101 SET @saved_cs_client     = @@character_set_client */;
/*!40101 SET character_set_client = utf8 */;
CREATE TABLE `alumno_clases` (
  `alumno_curp` varchar(18) NOT NULL,
  `clase_id` int(11) NOT NULL,
  `fecha_inscripcion` timestamp NOT NULL DEFAULT current_timestamp(),
  PRIMARY KEY (`alumno_curp`,`clase_id`),
  KEY `clase_id` (`clase_id`),
  CONSTRAINT `alumno_clases_ibfk_1` FOREIGN KEY (`alumno_curp`) REFERENCES `alumnos` (`curp`) ON DELETE CASCADE,
  CONSTRAINT `alumno_clases_ibfk_2` FOREIGN KEY (`clase_id`) REFERENCES `clases` (`id`) ON DELETE CASCADE
) ENGINE=InnoDB DEFAULT CHARSET=utf8mb4 COLLATE=utf8mb4_unicode_ci;
/*!40101 SET character_set_client = @saved_cs_client */;

--
-- Dumping data for table `alumno_clases`
--

LOCK TABLES `alumno_clases` WRITE;
/*!40000 ALTER TABLE `alumno_clases` DISABLE KEYS */;
/*!40000 ALTER TABLE `alumno_clases` ENABLE KEYS */;
UNLOCK TABLES;

--
-- Table structure for table `alumno_sesion`
--

DROP TABLE IF EXISTS `alumno_sesion`;
/*!40101 SET @saved_cs_client     = @@character_set_client */;
/*!40101 SET character_set_client = utf8 */;
CREATE TABLE `alumno_sesion` (
  `alumno_curp` varchar(18) NOT NULL,
  `horario_id` int(11) NOT NULL,
  PRIMARY KEY (`alumno_curp`,`horario_id`),
  KEY `horario_id` (`horario_id`),
  CONSTRAINT `alumno_sesion_ibfk_1` FOREIGN KEY (`alumno_curp`) REFERENCES `alumnos` (`curp`) ON DELETE CASCADE,
  CONSTRAINT `alumno_sesion_ibfk_2` FOREIGN KEY (`horario_id`) REFERENCES `horarios` (`id`) ON DELETE CASCADE
) ENGINE=InnoDB DEFAULT CHARSET=utf8mb4 COLLATE=utf8mb4_unicode_ci;
/*!40101 SET character_set_client = @saved_cs_client */;

--
-- Dumping data for table `alumno_sesion`
--

LOCK TABLES `alumno_sesion` WRITE;
/*!40000 ALTER TABLE `alumno_sesion` DISABLE KEYS */;
/*!40000 ALTER TABLE `alumno_sesion` ENABLE KEYS */;
UNLOCK TABLES;

--
-- Table structure for table `alumnos`
--

DROP TABLE IF EXISTS `alumnos`;
/*!40101 SET @saved_cs_client     = @@character_set_client */;
/*!40101 SET character_set_client = utf8 */;
CREATE TABLE `alumnos` (
  `curp` varchar(18) NOT NULL,
  `nombre` varchar(50) NOT NULL,
  `apellidos` varchar(100) NOT NULL,
  `nombre_tutor` varchar(100) DEFAULT NULL,
  `fecha_nacimiento` date NOT NULL,
  `telefono` varchar(15) DEFAULT NULL,
  `mensualidad` decimal(10,2) NOT NULL DEFAULT 0.00,
  `activo` tinyint(1) DEFAULT 1,
  `fecha_registro` timestamp NOT NULL DEFAULT current_timestamp(),
  PRIMARY KEY (`curp`)
) ENGINE=InnoDB DEFAULT CHARSET=utf8mb4 COLLATE=utf8mb4_unicode_ci;
/*!40101 SET character_set_client = @saved_cs_client */;

--
-- Dumping data for table `alumnos`
--

LOCK TABLES `alumnos` WRITE;
/*!40000 ALTER TABLE `alumnos` DISABLE KEYS */;
INSERT INTO `alumnos` VALUES ('AITB140621MCLVTRA8','BARBARA','AVILA TATAY','YENNY TATAY','2014-06-21','8717102064',0.00,1,'2025-07-12 22:23:13'),('AITM161119MCLVTRA8','MARIA','AVILA TATAY','YENNY TATAY','2016-11-19','8717102064',0.00,1,'2025-07-12 23:57:10'),('AUVF180315MCLRLTA0','FATIMA','ARGUIJO VILLEGAS','AARON ARGUIJO','2018-03-15','8711763110',850.00,1,'2025-07-13 01:24:41'),('CAAM130925HCLBNTA4','MATEO ABDIEL','CABRERA ANDRADE','GEORGINA - NOE CABRERA','2013-09-25','8713948779 - 87',850.00,1,'2025-07-13 00:11:37'),('CAMS031231HCLHRNA3','SANTIAGO DE JESUS','CHAVEZ MARTINEZ','KARLA VANESA','2003-12-31','8711357072',765.00,1,'2025-07-13 01:20:15'),('COLM180808HCLBBTA0','MATIAS','COBIAN LOBATO','KARLA LOBATO','2018-08-08','8714059576',2000.00,1,'2025-07-15 01:01:35'),('COLM200716HCLBBXA7','MAXIMO','COBIAN LOBATO','KARLA LOBATO','2020-07-16','8714059576',2000.00,1,'2025-07-15 00:59:55'),('FAML091220MCLRRRA0','LOURDES','FRANCO MURRA','LULU MURRA','2009-12-20','8717271530',850.00,1,'2025-07-15 02:40:00'),('FUMF111219MCLNCRA1','MARIA FERNANDA','DE LA FUENTE MACIAS','SARA MACIAS','2011-12-19','8713156141',850.00,1,'2025-07-15 02:17:06'),('GUDM031004MCLJXYA8','MYRNA GUADALUPE','GUAJARDO DUEÑEZ','LUCIA DUEÑEZ','2003-10-04','8711647943',850.00,1,'2025-07-15 01:03:13'),('GUMD040418MCLLTNA0','DIANA PAOLA','GUILLEN MATA','SR. JUAN MIGUEL GUILLEN','2004-04-18','8711357072',850.00,1,'2025-07-15 02:50:49'),('GUMM010428HCLLTGA5','MIGUEL ANGEL','GUILLEN MATA','SR. JUAN MIGUEL GUILLEN','2001-04-28','8711739039',850.00,1,'2025-07-15 02:41:58'),('GUMP000124MCLLTRA1','PERLA DENISSE','GUILLEN MATA','SR. JUAN MIGUEL GUILLEN','2000-01-24','8711739039',850.00,1,'2025-07-15 02:35:28'),('HEGL510505HDFRRS06','LUIS ENRIQUE','HERNANDEZ GARCIA','TERESA MARABOTO DE HERNANDEZ','1951-05-05','8711785102',2000.00,1,'2025-07-15 01:56:01'),('JIBA620910MCLMRNO0','ANA MARIA','JIMENEZ BERUMEN','MARIO MORALES','1962-09-10','8717273118',2000.00,1,'2025-07-13 01:34:47'),('MEML140402HCLNNSA1','LUIS EMILIO','MENA MONTEMAYOR','MARY PILI MONTEMAYOR','2014-04-02','8713820147',850.00,1,'2025-07-13 00:00:35'),('MEMT170125HCLNNHA9','THIAGO','MENA MONTEMAYOR','MARY PILI MONTEMAYOR','2017-01-25','8713820147',0.00,1,'2025-07-13 00:02:39'),('MOCM591215HCLRNRO9','MARIO ALBERTO','MORALES CANTU','ANA MARIA JIMENEZ BERUMEN','1959-12-15','8712112497',2000.00,1,'2025-07-13 01:33:05'),('MOHI220705HCLRLKA1','IKTAN CANEK','MORALES OLGUIN','QESIA','2022-07-05','+18166428159',850.00,1,'2025-07-13 01:45:40'),('MOHN170918MCLRLNA2','MUUNEK ZAZZIL','MORALES OLGUIN','QESIA','2017-09-18','+18166428159',850.00,1,'2025-07-13 01:43:33'),('MUGA150502MCLXRLA8','ALEJANDRA','MUÑOZ GUERRERO','ALEJANDRA GUERRERO','2015-05-02','8712307080',750.00,1,'2025-07-13 01:36:48'),('PEPS110620HCLRRNA3','SANTIAGO','PEREZ GAVILAN PRADO','PATRICIA PRADO','2011-06-20','8713247316',850.00,1,'2025-07-13 01:28:00'),('PUEJ140618HCLNSNA6','JUAN MANUEL','PUENTES ESTRADA','MARIA ELENA ESTRADA - PAPA','2014-06-18','8713422682 - 87',850.00,1,'2025-07-13 00:06:06');
/*!40000 ALTER TABLE `alumnos` ENABLE KEYS */;
UNLOCK TABLES;

--
-- Table structure for table `alumnos_subsubtema_progreso`
--

DROP TABLE IF EXISTS `alumnos_subsubtema_progreso`;
/*!40101 SET @saved_cs_client     = @@character_set_client */;
/*!40101 SET character_set_client = utf8 */;
CREATE TABLE `alumnos_subsubtema_progreso` (
  `id` int(11) NOT NULL AUTO_INCREMENT,
  `alumnos_tema_id` int(11) NOT NULL,
  `subsubtema_id` int(11) NOT NULL,
  `visto` tinyint(1) DEFAULT 0,
  `comentario` text DEFAULT NULL,
  `fecha` datetime DEFAULT NULL,
  PRIMARY KEY (`id`),
  KEY `alumnos_tema_id` (`alumnos_tema_id`),
  KEY `subsubtema_id` (`subsubtema_id`),
  CONSTRAINT `alumnos_subsubtema_progreso_ibfk_1` FOREIGN KEY (`alumnos_tema_id`) REFERENCES `alumnos_tema` (`id`) ON DELETE CASCADE,
  CONSTRAINT `alumnos_subsubtema_progreso_ibfk_2` FOREIGN KEY (`subsubtema_id`) REFERENCES `subsubtemas` (`id`) ON DELETE CASCADE
) ENGINE=InnoDB AUTO_INCREMENT=141 DEFAULT CHARSET=utf8mb4 COLLATE=utf8mb4_unicode_ci;
/*!40101 SET character_set_client = @saved_cs_client */;

--
-- Dumping data for table `alumnos_subsubtema_progreso`
--

LOCK TABLES `alumnos_subsubtema_progreso` WRITE;
/*!40000 ALTER TABLE `alumnos_subsubtema_progreso` DISABLE KEYS */;
INSERT INTO `alumnos_subsubtema_progreso` VALUES (30,33,39,0,NULL,NULL),(31,37,39,0,NULL,NULL),(32,44,39,0,NULL,NULL),(33,33,40,0,NULL,NULL),(34,37,40,0,NULL,NULL),(35,44,40,0,NULL,NULL),(36,33,41,0,NULL,NULL),(37,37,41,0,NULL,NULL),(38,44,41,0,NULL,NULL),(39,33,42,0,NULL,NULL),(40,37,42,0,NULL,NULL),(41,44,42,0,NULL,NULL),(42,33,43,0,NULL,NULL),(43,37,43,0,NULL,NULL),(44,44,43,0,NULL,NULL),(45,33,44,0,NULL,NULL),(46,37,44,0,NULL,NULL),(47,44,44,0,NULL,NULL),(48,33,45,0,NULL,NULL),(49,37,45,0,NULL,NULL),(50,44,45,0,NULL,NULL),(51,33,46,0,NULL,NULL),(52,37,46,0,NULL,NULL),(53,44,46,0,NULL,NULL),(54,33,47,0,NULL,NULL),(55,37,47,0,NULL,NULL),(56,44,47,0,NULL,NULL),(57,33,48,0,NULL,NULL),(58,37,48,0,NULL,NULL),(59,44,48,0,NULL,NULL),(60,33,49,0,NULL,NULL),(61,37,49,0,NULL,NULL),(62,44,49,0,NULL,NULL),(63,33,50,0,NULL,NULL),(64,37,50,0,NULL,NULL),(65,44,50,0,NULL,NULL),(66,33,51,0,NULL,NULL),(67,37,51,0,NULL,NULL),(68,44,51,0,NULL,NULL),(69,33,52,0,NULL,NULL),(70,37,52,0,NULL,NULL),(71,44,52,0,NULL,NULL),(72,33,53,0,NULL,NULL),(73,37,53,0,NULL,NULL),(74,44,53,0,NULL,NULL),(75,33,54,0,NULL,NULL),(76,37,54,0,NULL,NULL),(77,44,54,0,NULL,NULL),(78,33,55,0,NULL,NULL),(79,37,55,0,NULL,NULL),(80,44,55,0,NULL,NULL),(81,33,56,0,NULL,NULL),(82,37,56,0,NULL,NULL),(83,44,56,0,NULL,NULL),(84,33,57,0,NULL,NULL),(85,37,57,0,NULL,NULL),(86,44,57,0,NULL,NULL),(87,33,58,0,NULL,NULL),(88,37,58,0,NULL,NULL),(89,44,58,0,NULL,NULL),(90,33,59,0,NULL,NULL),(91,37,59,0,NULL,NULL),(92,44,59,0,NULL,NULL),(93,33,60,0,NULL,NULL),(94,37,60,0,NULL,NULL),(95,44,60,0,NULL,NULL),(96,45,61,0,NULL,NULL),(97,45,62,0,NULL,NULL),(98,45,63,0,NULL,NULL),(99,45,64,0,NULL,NULL),(100,45,65,0,NULL,NULL),(101,45,66,0,NULL,NULL),(102,45,67,0,NULL,NULL),(103,45,68,0,NULL,NULL),(104,45,69,0,NULL,NULL),(105,45,70,0,NULL,NULL),(106,45,71,0,NULL,NULL),(107,45,72,0,NULL,NULL),(108,45,73,0,NULL,NULL),(109,45,74,0,NULL,NULL),(110,45,75,0,NULL,NULL),(111,45,76,0,NULL,NULL),(112,45,77,0,NULL,NULL),(113,45,78,0,NULL,NULL),(114,45,79,0,NULL,NULL),(115,45,80,0,NULL,NULL),(116,45,81,0,NULL,NULL),(117,45,82,0,NULL,NULL),(118,45,83,0,NULL,NULL),(119,45,84,0,NULL,NULL),(120,45,85,0,NULL,NULL),(121,45,86,0,NULL,NULL),(122,45,87,0,NULL,NULL),(123,45,88,0,NULL,NULL),(124,45,89,0,NULL,NULL),(125,45,90,0,NULL,NULL),(126,45,91,0,NULL,NULL),(127,45,92,0,NULL,NULL),(128,45,93,0,NULL,NULL),(129,45,94,0,NULL,NULL),(130,45,95,0,NULL,NULL),(131,45,96,0,NULL,NULL),(132,45,97,0,NULL,NULL),(133,45,98,0,NULL,NULL),(134,45,99,0,NULL,NULL),(135,45,100,0,NULL,NULL),(136,45,101,0,NULL,NULL),(137,45,102,0,NULL,NULL),(138,45,103,0,NULL,NULL),(139,45,104,0,NULL,NULL),(140,45,105,0,NULL,NULL);
/*!40000 ALTER TABLE `alumnos_subsubtema_progreso` ENABLE KEYS */;
UNLOCK TABLES;

--
-- Table structure for table `alumnos_subtema_progreso`
--

DROP TABLE IF EXISTS `alumnos_subtema_progreso`;
/*!40101 SET @saved_cs_client     = @@character_set_client */;
/*!40101 SET character_set_client = utf8 */;
CREATE TABLE `alumnos_subtema_progreso` (
  `id` int(11) NOT NULL AUTO_INCREMENT,
  `alumnos_tema_id` int(11) NOT NULL,
  `subtema_id` int(11) NOT NULL,
  `dia1` tinyint(1) DEFAULT 0,
  `dia1_comentario` text DEFAULT NULL,
  `dia1_fecha` datetime DEFAULT NULL,
  `dia2` tinyint(1) DEFAULT 0,
  `dia2_comentario` text DEFAULT NULL,
  `dia2_fecha` datetime DEFAULT NULL,
  `dia3` tinyint(1) DEFAULT 0,
  `dia3_comentario` text DEFAULT NULL,
  `dia3_fecha` datetime DEFAULT NULL,
  `dia4` tinyint(1) DEFAULT 0,
  `dia4_comentario` text DEFAULT NULL,
  `dia4_fecha` datetime DEFAULT NULL,
  `dia5` tinyint(1) DEFAULT 0,
  `dia5_comentario` text DEFAULT NULL,
  `dia5_fecha` datetime DEFAULT NULL,
  `dia6` tinyint(1) DEFAULT 0,
  `dia6_comentario` text DEFAULT NULL,
  `dia6_fecha` datetime DEFAULT NULL,
  `aprendido` tinyint(1) DEFAULT 0,
  `aprendido_comentario` text DEFAULT NULL,
  `aprendido_fecha` datetime DEFAULT NULL,
  PRIMARY KEY (`id`),
  KEY `alumnos_tema_id` (`alumnos_tema_id`),
  KEY `subtema_id` (`subtema_id`),
  CONSTRAINT `alumnos_subtema_progreso_ibfk_1` FOREIGN KEY (`alumnos_tema_id`) REFERENCES `alumnos_tema` (`id`) ON DELETE CASCADE,
  CONSTRAINT `alumnos_subtema_progreso_ibfk_2` FOREIGN KEY (`subtema_id`) REFERENCES `subtemas` (`id`) ON DELETE CASCADE
) ENGINE=InnoDB AUTO_INCREMENT=293 DEFAULT CHARSET=utf8mb4 COLLATE=utf8mb4_unicode_ci;
/*!40101 SET character_set_client = @saved_cs_client */;

--
-- Dumping data for table `alumnos_subtema_progreso`
--

LOCK TABLES `alumnos_subtema_progreso` WRITE;
/*!40000 ALTER TABLE `alumnos_subtema_progreso` DISABLE KEYS */;
INSERT INTO `alumnos_subtema_progreso` VALUES (77,33,30,0,NULL,NULL,0,NULL,NULL,0,NULL,NULL,0,NULL,NULL,0,NULL,NULL,0,NULL,NULL,0,NULL,NULL),(78,33,31,0,NULL,NULL,0,NULL,NULL,0,NULL,NULL,0,NULL,NULL,0,NULL,NULL,0,NULL,NULL,0,NULL,NULL),(79,33,32,0,NULL,NULL,0,NULL,NULL,0,NULL,NULL,0,NULL,NULL,0,NULL,NULL,0,NULL,NULL,0,NULL,NULL),(80,33,33,0,NULL,NULL,0,NULL,NULL,0,NULL,NULL,0,NULL,NULL,0,NULL,NULL,0,NULL,NULL,0,NULL,NULL),(81,33,34,0,NULL,NULL,0,NULL,NULL,0,NULL,NULL,0,NULL,NULL,0,NULL,NULL,0,NULL,NULL,0,NULL,NULL),(82,33,35,0,NULL,NULL,0,NULL,NULL,0,NULL,NULL,0,NULL,NULL,0,NULL,NULL,0,NULL,NULL,0,NULL,NULL),(83,33,36,0,NULL,NULL,0,NULL,NULL,0,NULL,NULL,0,NULL,NULL,0,NULL,NULL,0,NULL,NULL,0,NULL,NULL),(84,33,37,0,NULL,NULL,0,NULL,NULL,0,NULL,NULL,0,NULL,NULL,0,NULL,NULL,0,NULL,NULL,0,NULL,NULL),(85,34,70,0,NULL,NULL,0,NULL,NULL,0,NULL,NULL,0,NULL,NULL,0,NULL,NULL,0,NULL,NULL,0,NULL,NULL),(86,34,71,0,NULL,NULL,0,NULL,NULL,0,NULL,NULL,0,NULL,NULL,0,NULL,NULL,0,NULL,NULL,0,NULL,NULL),(87,34,72,0,NULL,NULL,0,NULL,NULL,0,NULL,NULL,0,NULL,NULL,0,NULL,NULL,0,NULL,NULL,0,NULL,NULL),(88,34,73,0,NULL,NULL,0,NULL,NULL,0,NULL,NULL,0,NULL,NULL,0,NULL,NULL,0,NULL,NULL,0,NULL,NULL),(89,34,74,0,NULL,NULL,0,NULL,NULL,0,NULL,NULL,0,NULL,NULL,0,NULL,NULL,0,NULL,NULL,0,NULL,NULL),(90,34,75,0,NULL,NULL,0,NULL,NULL,0,NULL,NULL,0,NULL,NULL,0,NULL,NULL,0,NULL,NULL,0,NULL,NULL),(91,34,76,0,NULL,NULL,0,NULL,NULL,0,NULL,NULL,0,NULL,NULL,0,NULL,NULL,0,NULL,NULL,0,NULL,NULL),(92,34,77,0,NULL,NULL,0,NULL,NULL,0,NULL,NULL,0,NULL,NULL,0,NULL,NULL,0,NULL,NULL,0,NULL,NULL),(93,35,54,0,NULL,NULL,0,NULL,NULL,0,NULL,NULL,0,NULL,NULL,0,NULL,NULL,0,NULL,NULL,0,NULL,NULL),(94,35,55,0,NULL,NULL,0,NULL,NULL,0,NULL,NULL,0,NULL,NULL,0,NULL,NULL,0,NULL,NULL,0,NULL,NULL),(95,35,56,0,NULL,NULL,0,NULL,NULL,0,NULL,NULL,0,NULL,NULL,0,NULL,NULL,0,NULL,NULL,0,NULL,NULL),(96,35,57,0,NULL,NULL,0,NULL,NULL,0,NULL,NULL,0,NULL,NULL,0,NULL,NULL,0,NULL,NULL,0,NULL,NULL),(97,35,58,0,NULL,NULL,0,NULL,NULL,0,NULL,NULL,0,NULL,NULL,0,NULL,NULL,0,NULL,NULL,0,NULL,NULL),(98,35,59,0,NULL,NULL,0,NULL,NULL,0,NULL,NULL,0,NULL,NULL,0,NULL,NULL,0,NULL,NULL,0,NULL,NULL),(99,35,60,0,NULL,NULL,0,NULL,NULL,0,NULL,NULL,0,NULL,NULL,0,NULL,NULL,0,NULL,NULL,0,NULL,NULL),(100,35,61,0,NULL,NULL,0,NULL,NULL,0,NULL,NULL,0,NULL,NULL,0,NULL,NULL,0,NULL,NULL,0,NULL,NULL),(101,36,70,0,NULL,NULL,0,NULL,NULL,0,NULL,NULL,0,NULL,NULL,0,NULL,NULL,0,NULL,NULL,0,NULL,NULL),(102,36,71,0,NULL,NULL,0,NULL,NULL,0,NULL,NULL,0,NULL,NULL,0,NULL,NULL,0,NULL,NULL,0,NULL,NULL),(103,36,72,0,NULL,NULL,0,NULL,NULL,0,NULL,NULL,0,NULL,NULL,0,NULL,NULL,0,NULL,NULL,0,NULL,NULL),(104,36,73,0,NULL,NULL,0,NULL,NULL,0,NULL,NULL,0,NULL,NULL,0,NULL,NULL,0,NULL,NULL,0,NULL,NULL),(105,36,74,0,NULL,NULL,0,NULL,NULL,0,NULL,NULL,0,NULL,NULL,0,NULL,NULL,0,NULL,NULL,0,NULL,NULL),(106,36,75,0,NULL,NULL,0,NULL,NULL,0,NULL,NULL,0,NULL,NULL,0,NULL,NULL,0,NULL,NULL,0,NULL,NULL),(107,36,76,0,NULL,NULL,0,NULL,NULL,0,NULL,NULL,0,NULL,NULL,0,NULL,NULL,0,NULL,NULL,0,NULL,NULL),(108,36,77,0,NULL,NULL,0,NULL,NULL,0,NULL,NULL,0,NULL,NULL,0,NULL,NULL,0,NULL,NULL,0,NULL,NULL),(109,37,30,0,NULL,NULL,0,NULL,NULL,0,NULL,NULL,0,NULL,NULL,0,NULL,NULL,0,NULL,NULL,0,NULL,NULL),(110,37,31,0,NULL,NULL,0,NULL,NULL,0,NULL,NULL,0,NULL,NULL,0,NULL,NULL,0,NULL,NULL,0,NULL,NULL),(111,37,32,0,NULL,NULL,0,NULL,NULL,0,NULL,NULL,0,NULL,NULL,0,NULL,NULL,0,NULL,NULL,0,NULL,NULL),(112,37,33,0,NULL,NULL,0,NULL,NULL,0,NULL,NULL,0,NULL,NULL,0,NULL,NULL,0,NULL,NULL,0,NULL,NULL),(113,37,34,0,NULL,NULL,0,NULL,NULL,0,NULL,NULL,0,NULL,NULL,0,NULL,NULL,0,NULL,NULL,0,NULL,NULL),(114,37,35,0,NULL,NULL,0,NULL,NULL,0,NULL,NULL,0,NULL,NULL,0,NULL,NULL,0,NULL,NULL,0,NULL,NULL),(115,37,36,0,NULL,NULL,0,NULL,NULL,0,NULL,NULL,0,NULL,NULL,0,NULL,NULL,0,NULL,NULL,0,NULL,NULL),(116,37,37,0,NULL,NULL,0,NULL,NULL,0,NULL,NULL,0,NULL,NULL,0,NULL,NULL,0,NULL,NULL,0,NULL,NULL),(117,38,54,0,NULL,NULL,0,NULL,NULL,0,NULL,NULL,0,NULL,NULL,0,NULL,NULL,0,NULL,NULL,0,NULL,NULL),(118,38,55,0,NULL,NULL,0,NULL,NULL,0,NULL,NULL,0,NULL,NULL,0,NULL,NULL,0,NULL,NULL,0,NULL,NULL),(119,38,56,0,NULL,NULL,0,NULL,NULL,0,NULL,NULL,0,NULL,NULL,0,NULL,NULL,0,NULL,NULL,0,NULL,NULL),(120,38,57,0,NULL,NULL,0,NULL,NULL,0,NULL,NULL,0,NULL,NULL,0,NULL,NULL,0,NULL,NULL,0,NULL,NULL),(121,38,58,0,NULL,NULL,0,NULL,NULL,0,NULL,NULL,0,NULL,NULL,0,NULL,NULL,0,NULL,NULL,0,NULL,NULL),(122,38,59,0,NULL,NULL,0,NULL,NULL,0,NULL,NULL,0,NULL,NULL,0,NULL,NULL,0,NULL,NULL,0,NULL,NULL),(123,38,60,0,NULL,NULL,0,NULL,NULL,0,NULL,NULL,0,NULL,NULL,0,NULL,NULL,0,NULL,NULL,0,NULL,NULL),(124,38,61,0,NULL,NULL,0,NULL,NULL,0,NULL,NULL,0,NULL,NULL,0,NULL,NULL,0,NULL,NULL,0,NULL,NULL),(125,39,22,0,NULL,NULL,0,NULL,NULL,0,NULL,NULL,0,NULL,NULL,0,NULL,NULL,0,NULL,NULL,0,NULL,NULL),(126,39,23,0,NULL,NULL,0,NULL,NULL,0,NULL,NULL,0,NULL,NULL,0,NULL,NULL,0,NULL,NULL,0,NULL,NULL),(127,39,24,0,NULL,NULL,0,NULL,NULL,0,NULL,NULL,0,NULL,NULL,0,NULL,NULL,0,NULL,NULL,0,NULL,NULL),(128,39,25,0,NULL,NULL,0,NULL,NULL,0,NULL,NULL,0,NULL,NULL,0,NULL,NULL,0,NULL,NULL,0,NULL,NULL),(129,39,26,0,NULL,NULL,0,NULL,NULL,0,NULL,NULL,0,NULL,NULL,0,NULL,NULL,0,NULL,NULL,0,NULL,NULL),(130,39,27,0,NULL,NULL,0,NULL,NULL,0,NULL,NULL,0,NULL,NULL,0,NULL,NULL,0,NULL,NULL,0,NULL,NULL),(131,39,28,0,NULL,NULL,0,NULL,NULL,0,NULL,NULL,0,NULL,NULL,0,NULL,NULL,0,NULL,NULL,0,NULL,NULL),(132,39,29,0,NULL,NULL,0,NULL,NULL,0,NULL,NULL,0,NULL,NULL,0,NULL,NULL,0,NULL,NULL,0,NULL,NULL),(133,40,38,0,NULL,NULL,0,NULL,NULL,0,NULL,NULL,0,NULL,NULL,0,NULL,NULL,0,NULL,NULL,0,NULL,NULL),(134,40,39,0,NULL,NULL,0,NULL,NULL,0,NULL,NULL,0,NULL,NULL,0,NULL,NULL,0,NULL,NULL,0,NULL,NULL),(135,40,40,0,NULL,NULL,0,NULL,NULL,0,NULL,NULL,0,NULL,NULL,0,NULL,NULL,0,NULL,NULL,0,NULL,NULL),(136,40,41,0,NULL,NULL,0,NULL,NULL,0,NULL,NULL,0,NULL,NULL,0,NULL,NULL,0,NULL,NULL,0,NULL,NULL),(137,40,42,0,NULL,NULL,0,NULL,NULL,0,NULL,NULL,0,NULL,NULL,0,NULL,NULL,0,NULL,NULL,0,NULL,NULL),(138,40,43,0,NULL,NULL,0,NULL,NULL,0,NULL,NULL,0,NULL,NULL,0,NULL,NULL,0,NULL,NULL,0,NULL,NULL),(139,40,44,0,NULL,NULL,0,NULL,NULL,0,NULL,NULL,0,NULL,NULL,0,NULL,NULL,0,NULL,NULL,0,NULL,NULL),(140,40,45,0,NULL,NULL,0,NULL,NULL,0,NULL,NULL,0,NULL,NULL,0,NULL,NULL,0,NULL,NULL,0,NULL,NULL),(141,41,22,0,NULL,NULL,0,NULL,NULL,0,NULL,NULL,0,NULL,NULL,0,NULL,NULL,0,NULL,NULL,0,NULL,NULL),(142,41,23,0,NULL,NULL,0,NULL,NULL,0,NULL,NULL,0,NULL,NULL,0,NULL,NULL,0,NULL,NULL,0,NULL,NULL),(143,41,24,0,NULL,NULL,0,NULL,NULL,0,NULL,NULL,0,NULL,NULL,0,NULL,NULL,0,NULL,NULL,0,NULL,NULL),(144,41,25,0,NULL,NULL,0,NULL,NULL,0,NULL,NULL,0,NULL,NULL,0,NULL,NULL,0,NULL,NULL,0,NULL,NULL),(145,41,26,0,NULL,NULL,0,NULL,NULL,0,NULL,NULL,0,NULL,NULL,0,NULL,NULL,0,NULL,NULL,0,NULL,NULL),(146,41,27,0,NULL,NULL,0,NULL,NULL,0,NULL,NULL,0,NULL,NULL,0,NULL,NULL,0,NULL,NULL,0,NULL,NULL),(147,41,28,0,NULL,NULL,0,NULL,NULL,0,NULL,NULL,0,NULL,NULL,0,NULL,NULL,0,NULL,NULL,0,NULL,NULL),(148,41,29,0,NULL,NULL,0,NULL,NULL,0,NULL,NULL,0,NULL,NULL,0,NULL,NULL,0,NULL,NULL,0,NULL,NULL),(149,42,22,0,NULL,NULL,0,NULL,NULL,0,NULL,NULL,0,NULL,NULL,0,NULL,NULL,0,NULL,NULL,0,NULL,NULL),(150,42,23,0,NULL,NULL,0,NULL,NULL,0,NULL,NULL,0,NULL,NULL,0,NULL,NULL,0,NULL,NULL,0,NULL,NULL),(151,42,24,0,NULL,NULL,0,NULL,NULL,0,NULL,NULL,0,NULL,NULL,0,NULL,NULL,0,NULL,NULL,0,NULL,NULL),(152,42,25,0,NULL,NULL,0,NULL,NULL,0,NULL,NULL,0,NULL,NULL,0,NULL,NULL,0,NULL,NULL,0,NULL,NULL),(153,42,26,0,NULL,NULL,0,NULL,NULL,0,NULL,NULL,0,NULL,NULL,0,NULL,NULL,0,NULL,NULL,0,NULL,NULL),(154,42,27,0,NULL,NULL,0,NULL,NULL,0,NULL,NULL,0,NULL,NULL,0,NULL,NULL,0,NULL,NULL,0,NULL,NULL),(155,42,28,0,NULL,NULL,0,NULL,NULL,0,NULL,NULL,0,NULL,NULL,0,NULL,NULL,0,NULL,NULL,0,NULL,NULL),(156,42,29,0,NULL,NULL,0,NULL,NULL,0,NULL,NULL,0,NULL,NULL,0,NULL,NULL,0,NULL,NULL,0,NULL,NULL),(157,43,70,0,NULL,NULL,0,NULL,NULL,0,NULL,NULL,0,NULL,NULL,0,NULL,NULL,0,NULL,NULL,0,NULL,NULL),(158,43,71,0,NULL,NULL,0,NULL,NULL,0,NULL,NULL,0,NULL,NULL,0,NULL,NULL,0,NULL,NULL,0,NULL,NULL),(159,43,72,0,NULL,NULL,0,NULL,NULL,0,NULL,NULL,0,NULL,NULL,0,NULL,NULL,0,NULL,NULL,0,NULL,NULL),(160,43,73,0,NULL,NULL,0,NULL,NULL,0,NULL,NULL,0,NULL,NULL,0,NULL,NULL,0,NULL,NULL,0,NULL,NULL),(161,43,74,0,NULL,NULL,0,NULL,NULL,0,NULL,NULL,0,NULL,NULL,0,NULL,NULL,0,NULL,NULL,0,NULL,NULL),(162,43,75,0,NULL,NULL,0,NULL,NULL,0,NULL,NULL,0,NULL,NULL,0,NULL,NULL,0,NULL,NULL,0,NULL,NULL),(163,43,76,0,NULL,NULL,0,NULL,NULL,0,NULL,NULL,0,NULL,NULL,0,NULL,NULL,0,NULL,NULL,0,NULL,NULL),(164,43,77,0,NULL,NULL,0,NULL,NULL,0,NULL,NULL,0,NULL,NULL,0,NULL,NULL,0,NULL,NULL,0,NULL,NULL),(165,44,30,0,NULL,NULL,0,NULL,NULL,0,NULL,NULL,0,NULL,NULL,0,NULL,NULL,0,NULL,NULL,0,NULL,NULL),(166,44,31,0,NULL,NULL,0,NULL,NULL,0,NULL,NULL,0,NULL,NULL,0,NULL,NULL,0,NULL,NULL,0,NULL,NULL),(167,44,32,0,NULL,NULL,0,NULL,NULL,0,NULL,NULL,0,NULL,NULL,0,NULL,NULL,0,NULL,NULL,0,NULL,NULL),(168,44,33,0,NULL,NULL,0,NULL,NULL,0,NULL,NULL,0,NULL,NULL,0,NULL,NULL,0,NULL,NULL,0,NULL,NULL),(169,44,34,0,NULL,NULL,0,NULL,NULL,0,NULL,NULL,0,NULL,NULL,0,NULL,NULL,0,NULL,NULL,0,NULL,NULL),(170,44,35,0,NULL,NULL,0,NULL,NULL,0,NULL,NULL,0,NULL,NULL,0,NULL,NULL,0,NULL,NULL,0,NULL,NULL),(171,44,36,0,NULL,NULL,0,NULL,NULL,0,NULL,NULL,0,NULL,NULL,0,NULL,NULL,0,NULL,NULL,0,NULL,NULL),(172,44,37,0,NULL,NULL,0,NULL,NULL,0,NULL,NULL,0,NULL,NULL,0,NULL,NULL,0,NULL,NULL,0,NULL,NULL),(173,45,46,0,NULL,NULL,0,NULL,NULL,0,NULL,NULL,0,NULL,NULL,0,NULL,NULL,0,NULL,NULL,0,NULL,NULL),(174,45,47,0,NULL,NULL,0,NULL,NULL,0,NULL,NULL,0,NULL,NULL,0,NULL,NULL,0,NULL,NULL,0,NULL,NULL),(175,45,48,0,NULL,NULL,0,NULL,NULL,0,NULL,NULL,0,NULL,NULL,0,NULL,NULL,0,NULL,NULL,0,NULL,NULL),(176,45,49,0,NULL,NULL,0,NULL,NULL,0,NULL,NULL,0,NULL,NULL,0,NULL,NULL,0,NULL,NULL,0,NULL,NULL),(177,45,50,0,NULL,NULL,0,NULL,NULL,0,NULL,NULL,0,NULL,NULL,0,NULL,NULL,0,NULL,NULL,0,NULL,NULL),(178,45,51,0,NULL,NULL,0,NULL,NULL,0,NULL,NULL,0,NULL,NULL,0,NULL,NULL,0,NULL,NULL,0,NULL,NULL),(179,45,52,0,NULL,NULL,0,NULL,NULL,0,NULL,NULL,0,NULL,NULL,0,NULL,NULL,0,NULL,NULL,0,NULL,NULL),(180,45,53,0,NULL,NULL,0,NULL,NULL,0,NULL,NULL,0,NULL,NULL,0,NULL,NULL,0,NULL,NULL,0,NULL,NULL),(181,46,22,0,NULL,NULL,0,NULL,NULL,0,NULL,NULL,0,NULL,NULL,0,NULL,NULL,0,NULL,NULL,0,NULL,NULL),(182,46,23,0,NULL,NULL,0,NULL,NULL,0,NULL,NULL,0,NULL,NULL,0,NULL,NULL,0,NULL,NULL,0,NULL,NULL),(183,46,24,0,NULL,NULL,0,NULL,NULL,0,NULL,NULL,0,NULL,NULL,0,NULL,NULL,0,NULL,NULL,0,NULL,NULL),(184,46,25,0,NULL,NULL,0,NULL,NULL,0,NULL,NULL,0,NULL,NULL,0,NULL,NULL,0,NULL,NULL,0,NULL,NULL),(185,46,26,0,NULL,NULL,0,NULL,NULL,0,NULL,NULL,0,NULL,NULL,0,NULL,NULL,0,NULL,NULL,0,NULL,NULL),(186,46,27,0,NULL,NULL,0,NULL,NULL,0,NULL,NULL,0,NULL,NULL,0,NULL,NULL,0,NULL,NULL,0,NULL,NULL),(187,46,28,0,NULL,NULL,0,NULL,NULL,0,NULL,NULL,0,NULL,NULL,0,NULL,NULL,0,NULL,NULL,0,NULL,NULL),(188,46,29,0,NULL,NULL,0,NULL,NULL,0,NULL,NULL,0,NULL,NULL,0,NULL,NULL,0,NULL,NULL,0,NULL,NULL),(189,47,22,0,NULL,NULL,0,NULL,NULL,0,NULL,NULL,0,NULL,NULL,0,NULL,NULL,0,NULL,NULL,0,NULL,NULL),(190,47,23,0,NULL,NULL,0,NULL,NULL,0,NULL,NULL,0,NULL,NULL,0,NULL,NULL,0,NULL,NULL,0,NULL,NULL),(191,47,24,0,NULL,NULL,0,NULL,NULL,0,NULL,NULL,0,NULL,NULL,0,NULL,NULL,0,NULL,NULL,0,NULL,NULL),(192,47,25,0,NULL,NULL,0,NULL,NULL,0,NULL,NULL,0,NULL,NULL,0,NULL,NULL,0,NULL,NULL,0,NULL,NULL),(193,47,26,0,NULL,NULL,0,NULL,NULL,0,NULL,NULL,0,NULL,NULL,0,NULL,NULL,0,NULL,NULL,0,NULL,NULL),(194,47,27,0,NULL,NULL,0,NULL,NULL,0,NULL,NULL,0,NULL,NULL,0,NULL,NULL,0,NULL,NULL,0,NULL,NULL),(195,47,28,0,NULL,NULL,0,NULL,NULL,0,NULL,NULL,0,NULL,NULL,0,NULL,NULL,0,NULL,NULL,0,NULL,NULL),(196,47,29,0,NULL,NULL,0,NULL,NULL,0,NULL,NULL,0,NULL,NULL,0,NULL,NULL,0,NULL,NULL,0,NULL,NULL),(197,48,22,0,NULL,NULL,0,NULL,NULL,0,NULL,NULL,0,NULL,NULL,0,NULL,NULL,0,NULL,NULL,0,NULL,NULL),(198,48,23,0,NULL,NULL,0,NULL,NULL,0,NULL,NULL,0,NULL,NULL,0,NULL,NULL,0,NULL,NULL,0,NULL,NULL),(199,48,24,0,NULL,NULL,0,NULL,NULL,0,NULL,NULL,0,NULL,NULL,0,NULL,NULL,0,NULL,NULL,0,NULL,NULL),(200,48,25,0,NULL,NULL,0,NULL,NULL,0,NULL,NULL,0,NULL,NULL,0,NULL,NULL,0,NULL,NULL,0,NULL,NULL),(201,48,26,0,NULL,NULL,0,NULL,NULL,0,NULL,NULL,0,NULL,NULL,0,NULL,NULL,0,NULL,NULL,0,NULL,NULL),(202,48,27,0,NULL,NULL,0,NULL,NULL,0,NULL,NULL,0,NULL,NULL,0,NULL,NULL,0,NULL,NULL,0,NULL,NULL),(203,48,28,0,NULL,NULL,0,NULL,NULL,0,NULL,NULL,0,NULL,NULL,0,NULL,NULL,0,NULL,NULL,0,NULL,NULL),(204,48,29,0,NULL,NULL,0,NULL,NULL,0,NULL,NULL,0,NULL,NULL,0,NULL,NULL,0,NULL,NULL,0,NULL,NULL),(205,49,78,0,NULL,NULL,0,NULL,NULL,0,NULL,NULL,0,NULL,NULL,0,NULL,NULL,0,NULL,NULL,0,NULL,NULL),(206,49,79,0,NULL,NULL,0,NULL,NULL,0,NULL,NULL,0,NULL,NULL,0,NULL,NULL,0,NULL,NULL,0,NULL,NULL),(207,49,80,0,NULL,NULL,0,NULL,NULL,0,NULL,NULL,0,NULL,NULL,0,NULL,NULL,0,NULL,NULL,0,NULL,NULL),(208,49,81,0,NULL,NULL,0,NULL,NULL,0,NULL,NULL,0,NULL,NULL,0,NULL,NULL,0,NULL,NULL,0,NULL,NULL),(209,49,82,0,NULL,NULL,0,NULL,NULL,0,NULL,NULL,0,NULL,NULL,0,NULL,NULL,0,NULL,NULL,0,NULL,NULL),(210,49,83,0,NULL,NULL,0,NULL,NULL,0,NULL,NULL,0,NULL,NULL,0,NULL,NULL,0,NULL,NULL,0,NULL,NULL),(211,49,84,0,NULL,NULL,0,NULL,NULL,0,NULL,NULL,0,NULL,NULL,0,NULL,NULL,0,NULL,NULL,0,NULL,NULL),(212,49,85,0,NULL,NULL,0,NULL,NULL,0,NULL,NULL,0,NULL,NULL,0,NULL,NULL,0,NULL,NULL,0,NULL,NULL),(213,50,30,0,NULL,NULL,0,NULL,NULL,0,NULL,NULL,0,NULL,NULL,0,NULL,NULL,0,NULL,NULL,0,NULL,NULL),(214,50,31,0,NULL,NULL,0,NULL,NULL,0,NULL,NULL,0,NULL,NULL,0,NULL,NULL,0,NULL,NULL,0,NULL,NULL),(215,50,32,0,NULL,NULL,0,NULL,NULL,0,NULL,NULL,0,NULL,NULL,0,NULL,NULL,0,NULL,NULL,0,NULL,NULL),(216,50,33,0,NULL,NULL,0,NULL,NULL,0,NULL,NULL,0,NULL,NULL,0,NULL,NULL,0,NULL,NULL,0,NULL,NULL),(217,50,34,0,NULL,NULL,0,NULL,NULL,0,NULL,NULL,0,NULL,NULL,0,NULL,NULL,0,NULL,NULL,0,NULL,NULL),(218,50,35,0,NULL,NULL,0,NULL,NULL,0,NULL,NULL,0,NULL,NULL,0,NULL,NULL,0,NULL,NULL,0,NULL,NULL),(219,50,36,0,NULL,NULL,0,NULL,NULL,0,NULL,NULL,0,NULL,NULL,0,NULL,NULL,0,NULL,NULL,0,NULL,NULL),(220,50,37,0,NULL,NULL,0,NULL,NULL,0,NULL,NULL,0,NULL,NULL,0,NULL,NULL,0,NULL,NULL,0,NULL,NULL),(221,51,22,0,NULL,NULL,0,NULL,NULL,0,NULL,NULL,0,NULL,NULL,0,NULL,NULL,0,NULL,NULL,0,NULL,NULL),(222,51,23,0,NULL,NULL,0,NULL,NULL,0,NULL,NULL,0,NULL,NULL,0,NULL,NULL,0,NULL,NULL,0,NULL,NULL),(223,51,24,0,NULL,NULL,0,NULL,NULL,0,NULL,NULL,0,NULL,NULL,0,NULL,NULL,0,NULL,NULL,0,NULL,NULL),(224,51,25,0,NULL,NULL,0,NULL,NULL,0,NULL,NULL,0,NULL,NULL,0,NULL,NULL,0,NULL,NULL,0,NULL,NULL),(225,51,26,0,NULL,NULL,0,NULL,NULL,0,NULL,NULL,0,NULL,NULL,0,NULL,NULL,0,NULL,NULL,0,NULL,NULL),(226,51,27,0,NULL,NULL,0,NULL,NULL,0,NULL,NULL,0,NULL,NULL,0,NULL,NULL,0,NULL,NULL,0,NULL,NULL),(227,51,28,0,NULL,NULL,0,NULL,NULL,0,NULL,NULL,0,NULL,NULL,0,NULL,NULL,0,NULL,NULL,0,NULL,NULL),(228,51,29,0,NULL,NULL,0,NULL,NULL,0,NULL,NULL,0,NULL,NULL,0,NULL,NULL,0,NULL,NULL,0,NULL,NULL),(229,52,46,0,NULL,NULL,0,NULL,NULL,0,NULL,NULL,0,NULL,NULL,0,NULL,NULL,0,NULL,NULL,0,NULL,NULL),(230,52,47,0,NULL,NULL,0,NULL,NULL,0,NULL,NULL,0,NULL,NULL,0,NULL,NULL,0,NULL,NULL,0,NULL,NULL),(231,52,48,0,NULL,NULL,0,NULL,NULL,0,NULL,NULL,0,NULL,NULL,0,NULL,NULL,0,NULL,NULL,0,NULL,NULL),(232,52,49,0,NULL,NULL,0,NULL,NULL,0,NULL,NULL,0,NULL,NULL,0,NULL,NULL,0,NULL,NULL,0,NULL,NULL),(233,52,50,0,NULL,NULL,0,NULL,NULL,0,NULL,NULL,0,NULL,NULL,0,NULL,NULL,0,NULL,NULL,0,NULL,NULL),(234,52,51,0,NULL,NULL,0,NULL,NULL,0,NULL,NULL,0,NULL,NULL,0,NULL,NULL,0,NULL,NULL,0,NULL,NULL),(235,52,52,0,NULL,NULL,0,NULL,NULL,0,NULL,NULL,0,NULL,NULL,0,NULL,NULL,0,NULL,NULL,0,NULL,NULL),(236,52,53,0,NULL,NULL,0,NULL,NULL,0,NULL,NULL,0,NULL,NULL,0,NULL,NULL,0,NULL,NULL,0,NULL,NULL),(237,53,70,0,NULL,NULL,0,NULL,NULL,0,NULL,NULL,0,NULL,NULL,0,NULL,NULL,0,NULL,NULL,0,NULL,NULL),(238,53,71,0,NULL,NULL,0,NULL,NULL,0,NULL,NULL,0,NULL,NULL,0,NULL,NULL,0,NULL,NULL,0,NULL,NULL),(239,53,72,0,NULL,NULL,0,NULL,NULL,0,NULL,NULL,0,NULL,NULL,0,NULL,NULL,0,NULL,NULL,0,NULL,NULL),(240,53,73,0,NULL,NULL,0,NULL,NULL,0,NULL,NULL,0,NULL,NULL,0,NULL,NULL,0,NULL,NULL,0,NULL,NULL),(241,53,74,0,NULL,NULL,0,NULL,NULL,0,NULL,NULL,0,NULL,NULL,0,NULL,NULL,0,NULL,NULL,0,NULL,NULL),(242,53,75,0,NULL,NULL,0,NULL,NULL,0,NULL,NULL,0,NULL,NULL,0,NULL,NULL,0,NULL,NULL,0,NULL,NULL),(243,53,76,0,NULL,NULL,0,NULL,NULL,0,NULL,NULL,0,NULL,NULL,0,NULL,NULL,0,NULL,NULL,0,NULL,NULL),(244,53,77,0,NULL,NULL,0,NULL,NULL,0,NULL,NULL,0,NULL,NULL,0,NULL,NULL,0,NULL,NULL,0,NULL,NULL),(245,54,22,0,NULL,NULL,0,NULL,NULL,0,NULL,NULL,0,NULL,NULL,0,NULL,NULL,0,NULL,NULL,0,NULL,NULL),(246,54,23,0,NULL,NULL,0,NULL,NULL,0,NULL,NULL,0,NULL,NULL,0,NULL,NULL,0,NULL,NULL,0,NULL,NULL),(247,54,24,0,NULL,NULL,0,NULL,NULL,0,NULL,NULL,0,NULL,NULL,0,NULL,NULL,0,NULL,NULL,0,NULL,NULL),(248,54,25,0,NULL,NULL,0,NULL,NULL,0,NULL,NULL,0,NULL,NULL,0,NULL,NULL,0,NULL,NULL,0,NULL,NULL),(249,54,26,0,NULL,NULL,0,NULL,NULL,0,NULL,NULL,0,NULL,NULL,0,NULL,NULL,0,NULL,NULL,0,NULL,NULL),(250,54,27,0,NULL,NULL,0,NULL,NULL,0,NULL,NULL,0,NULL,NULL,0,NULL,NULL,0,NULL,NULL,0,NULL,NULL),(251,54,28,0,NULL,NULL,0,NULL,NULL,0,NULL,NULL,0,NULL,NULL,0,NULL,NULL,0,NULL,NULL,0,NULL,NULL),(252,54,29,0,NULL,NULL,0,NULL,NULL,0,NULL,NULL,0,NULL,NULL,0,NULL,NULL,0,NULL,NULL,0,NULL,NULL),(253,55,22,0,NULL,NULL,0,NULL,NULL,0,NULL,NULL,0,NULL,NULL,0,NULL,NULL,0,NULL,NULL,0,NULL,NULL),(254,55,23,0,NULL,NULL,0,NULL,NULL,0,NULL,NULL,0,NULL,NULL,0,NULL,NULL,0,NULL,NULL,0,NULL,NULL),(255,55,24,0,NULL,NULL,0,NULL,NULL,0,NULL,NULL,0,NULL,NULL,0,NULL,NULL,0,NULL,NULL,0,NULL,NULL),(256,55,25,0,NULL,NULL,0,NULL,NULL,0,NULL,NULL,0,NULL,NULL,0,NULL,NULL,0,NULL,NULL,0,NULL,NULL),(257,55,26,0,NULL,NULL,0,NULL,NULL,0,NULL,NULL,0,NULL,NULL,0,NULL,NULL,0,NULL,NULL,0,NULL,NULL),(258,55,27,0,NULL,NULL,0,NULL,NULL,0,NULL,NULL,0,NULL,NULL,0,NULL,NULL,0,NULL,NULL,0,NULL,NULL),(259,55,28,0,NULL,NULL,0,NULL,NULL,0,NULL,NULL,0,NULL,NULL,0,NULL,NULL,0,NULL,NULL,0,NULL,NULL),(260,55,29,0,NULL,NULL,0,NULL,NULL,0,NULL,NULL,0,NULL,NULL,0,NULL,NULL,0,NULL,NULL,0,NULL,NULL),(261,56,70,0,NULL,NULL,0,NULL,NULL,0,NULL,NULL,0,NULL,NULL,0,NULL,NULL,0,NULL,NULL,0,NULL,NULL),(262,56,71,0,NULL,NULL,0,NULL,NULL,0,NULL,NULL,0,NULL,NULL,0,NULL,NULL,0,NULL,NULL,0,NULL,NULL),(263,56,72,0,NULL,NULL,0,NULL,NULL,0,NULL,NULL,0,NULL,NULL,0,NULL,NULL,0,NULL,NULL,0,NULL,NULL),(264,56,73,0,NULL,NULL,0,NULL,NULL,0,NULL,NULL,0,NULL,NULL,0,NULL,NULL,0,NULL,NULL,0,NULL,NULL),(265,56,74,0,NULL,NULL,0,NULL,NULL,0,NULL,NULL,0,NULL,NULL,0,NULL,NULL,0,NULL,NULL,0,NULL,NULL),(266,56,75,0,NULL,NULL,0,NULL,NULL,0,NULL,NULL,0,NULL,NULL,0,NULL,NULL,0,NULL,NULL,0,NULL,NULL),(267,56,76,0,NULL,NULL,0,NULL,NULL,0,NULL,NULL,0,NULL,NULL,0,NULL,NULL,0,NULL,NULL,0,NULL,NULL),(268,56,77,0,NULL,NULL,0,NULL,NULL,0,NULL,NULL,0,NULL,NULL,0,NULL,NULL,0,NULL,NULL,0,NULL,NULL),(269,57,70,0,NULL,NULL,0,NULL,NULL,0,NULL,NULL,0,NULL,NULL,0,NULL,NULL,0,NULL,NULL,0,NULL,NULL),(270,57,71,0,NULL,NULL,0,NULL,NULL,0,NULL,NULL,0,NULL,NULL,0,NULL,NULL,0,NULL,NULL,0,NULL,NULL),(271,57,72,0,NULL,NULL,0,NULL,NULL,0,NULL,NULL,0,NULL,NULL,0,NULL,NULL,0,NULL,NULL,0,NULL,NULL),(272,57,73,0,NULL,NULL,0,NULL,NULL,0,NULL,NULL,0,NULL,NULL,0,NULL,NULL,0,NULL,NULL,0,NULL,NULL),(273,57,74,0,NULL,NULL,0,NULL,NULL,0,NULL,NULL,0,NULL,NULL,0,NULL,NULL,0,NULL,NULL,0,NULL,NULL),(274,57,75,0,NULL,NULL,0,NULL,NULL,0,NULL,NULL,0,NULL,NULL,0,NULL,NULL,0,NULL,NULL,0,NULL,NULL),(275,57,76,0,NULL,NULL,0,NULL,NULL,0,NULL,NULL,0,NULL,NULL,0,NULL,NULL,0,NULL,NULL,0,NULL,NULL),(276,57,77,0,NULL,NULL,0,NULL,NULL,0,NULL,NULL,0,NULL,NULL,0,NULL,NULL,0,NULL,NULL,0,NULL,NULL),(277,58,70,0,NULL,NULL,0,NULL,NULL,0,NULL,NULL,0,NULL,NULL,0,NULL,NULL,0,NULL,NULL,0,NULL,NULL),(278,58,71,0,NULL,NULL,0,NULL,NULL,0,NULL,NULL,0,NULL,NULL,0,NULL,NULL,0,NULL,NULL,0,NULL,NULL),(279,58,72,0,NULL,NULL,0,NULL,NULL,0,NULL,NULL,0,NULL,NULL,0,NULL,NULL,0,NULL,NULL,0,NULL,NULL),(280,58,73,0,NULL,NULL,0,NULL,NULL,0,NULL,NULL,0,NULL,NULL,0,NULL,NULL,0,NULL,NULL,0,NULL,NULL),(281,58,74,0,NULL,NULL,0,NULL,NULL,0,NULL,NULL,0,NULL,NULL,0,NULL,NULL,0,NULL,NULL,0,NULL,NULL),(282,58,75,0,NULL,NULL,0,NULL,NULL,0,NULL,NULL,0,NULL,NULL,0,NULL,NULL,0,NULL,NULL,0,NULL,NULL),(283,58,76,0,NULL,NULL,0,NULL,NULL,0,NULL,NULL,0,NULL,NULL,0,NULL,NULL,0,NULL,NULL,0,NULL,NULL),(284,58,77,0,NULL,NULL,0,NULL,NULL,0,NULL,NULL,0,NULL,NULL,0,NULL,NULL,0,NULL,NULL,0,NULL,NULL),(285,59,62,0,NULL,NULL,0,NULL,NULL,0,NULL,NULL,0,NULL,NULL,0,NULL,NULL,0,NULL,NULL,0,NULL,NULL),(286,59,63,0,NULL,NULL,0,NULL,NULL,0,NULL,NULL,0,NULL,NULL,0,NULL,NULL,0,NULL,NULL,0,NULL,NULL),(287,59,64,0,NULL,NULL,0,NULL,NULL,0,NULL,NULL,0,NULL,NULL,0,NULL,NULL,0,NULL,NULL,0,NULL,NULL),(288,59,65,0,NULL,NULL,0,NULL,NULL,0,NULL,NULL,0,NULL,NULL,0,NULL,NULL,0,NULL,NULL,0,NULL,NULL),(289,59,66,0,NULL,NULL,0,NULL,NULL,0,NULL,NULL,0,NULL,NULL,0,NULL,NULL,0,NULL,NULL,0,NULL,NULL),(290,59,67,0,NULL,NULL,0,NULL,NULL,0,NULL,NULL,0,NULL,NULL,0,NULL,NULL,0,NULL,NULL,0,NULL,NULL),(291,59,68,0,NULL,NULL,0,NULL,NULL,0,NULL,NULL,0,NULL,NULL,0,NULL,NULL,0,NULL,NULL,0,NULL,NULL),(292,59,69,0,NULL,NULL,0,NULL,NULL,0,NULL,NULL,0,NULL,NULL,0,NULL,NULL,0,NULL,NULL,0,NULL,NULL);
/*!40000 ALTER TABLE `alumnos_subtema_progreso` ENABLE KEYS */;
UNLOCK TABLES;

--
-- Table structure for table `alumnos_tema`
--

DROP TABLE IF EXISTS `alumnos_tema`;
/*!40101 SET @saved_cs_client     = @@character_set_client */;
/*!40101 SET character_set_client = utf8 */;
CREATE TABLE `alumnos_tema` (
  `id` int(11) NOT NULL AUTO_INCREMENT,
  `curp` varchar(18) NOT NULL,
  `tema_id` int(11) NOT NULL,
  `fecha_asignacion` timestamp NOT NULL DEFAULT current_timestamp(),
  PRIMARY KEY (`id`),
  KEY `curp` (`curp`),
  KEY `tema_id` (`tema_id`),
  CONSTRAINT `alumnos_tema_ibfk_1` FOREIGN KEY (`curp`) REFERENCES `alumnos` (`curp`) ON DELETE CASCADE,
  CONSTRAINT `alumnos_tema_ibfk_2` FOREIGN KEY (`tema_id`) REFERENCES `temas` (`id`) ON DELETE CASCADE
) ENGINE=InnoDB AUTO_INCREMENT=60 DEFAULT CHARSET=utf8mb4 COLLATE=utf8mb4_unicode_ci;
/*!40101 SET character_set_client = @saved_cs_client */;

--
-- Dumping data for table `alumnos_tema`
--

LOCK TABLES `alumnos_tema` WRITE;
/*!40000 ALTER TABLE `alumnos_tema` DISABLE KEYS */;
INSERT INTO `alumnos_tema` VALUES (33,'AITB140621MCLVTRA8',10,'2025-07-12 22:23:13'),(34,'AITB140621MCLVTRA8',15,'2025-07-12 22:23:13'),(35,'AITM161119MCLVTRA8',13,'2025-07-12 23:57:10'),(36,'AITM161119MCLVTRA8',15,'2025-07-12 23:57:10'),(37,'MEML140402HCLNNSA1',10,'2025-07-13 00:00:35'),(38,'MEMT170125HCLNNHA9',13,'2025-07-13 00:02:39'),(39,'PUEJ140618HCLNSNA6',9,'2025-07-13 00:06:06'),(40,'CAAM130925HCLBNTA4',11,'2025-07-13 00:11:37'),(41,'CAMS031231HCLHRNA3',9,'2025-07-13 01:20:15'),(42,'AUVF180315MCLRLTA0',9,'2025-07-13 01:24:41'),(43,'AUVF180315MCLRLTA0',15,'2025-07-13 01:24:42'),(44,'PEPS110620HCLRRNA3',10,'2025-07-13 01:28:00'),(45,'MOCM591215HCLRNRO9',12,'2025-07-13 01:33:05'),(46,'JIBA620910MCLMRNO0',9,'2025-07-13 01:34:47'),(47,'MUGA150502MCLXRLA8',9,'2025-07-13 01:36:48'),(48,'MOHN170918MCLRLNA2',9,'2025-07-13 01:43:33'),(49,'MOHI220705HCLRLKA1',16,'2025-07-13 01:45:40'),(50,'COLM200716HCLBBXA7',10,'2025-07-15 00:59:55'),(51,'COLM180808HCLBBTA0',9,'2025-07-15 01:01:35'),(52,'COLM180808HCLBBTA0',12,'2025-07-15 01:01:35'),(53,'GUDM031004MCLJXYA8',15,'2025-07-15 01:03:13'),(54,'HEGL510505HDFRRS06',9,'2025-07-15 01:56:01'),(55,'FUMF111219MCLNCRA1',9,'2025-07-15 02:17:06'),(56,'GUMP000124MCLLTRA1',15,'2025-07-15 02:35:28'),(57,'FAML091220MCLRRRA0',15,'2025-07-15 02:40:00'),(58,'GUMM010428HCLLTGA5',15,'2025-07-15 02:41:58'),(59,'GUMD040418MCLLTNA0',14,'2025-07-15 02:50:49');
/*!40000 ALTER TABLE `alumnos_tema` ENABLE KEYS */;
UNLOCK TABLES;

--
-- Table structure for table `asistencia`
--

DROP TABLE IF EXISTS `asistencia`;
/*!40101 SET @saved_cs_client     = @@character_set_client */;
/*!40101 SET character_set_client = utf8 */;
CREATE TABLE `asistencia` (
  `id` int(11) NOT NULL AUTO_INCREMENT,
  `alumno_curp` varchar(18) DEFAULT NULL,
  `tema_id` int(11) DEFAULT NULL,
  `fecha` date DEFAULT NULL,
  `estado` enum('asistio','justifico','falto') DEFAULT NULL,
  `registrado_en` timestamp NOT NULL DEFAULT current_timestamp(),
  PRIMARY KEY (`id`),
  UNIQUE KEY `unico_asistencia` (`alumno_curp`,`tema_id`,`fecha`),
  KEY `tema_id` (`tema_id`),
  CONSTRAINT `asistencia_ibfk_1` FOREIGN KEY (`alumno_curp`) REFERENCES `alumnos` (`curp`),
  CONSTRAINT `asistencia_ibfk_2` FOREIGN KEY (`tema_id`) REFERENCES `temas` (`id`) ON DELETE CASCADE
) ENGINE=InnoDB AUTO_INCREMENT=39 DEFAULT CHARSET=utf8mb4 COLLATE=utf8mb4_unicode_ci;
/*!40101 SET character_set_client = @saved_cs_client */;

--
-- Dumping data for table `asistencia`
--

LOCK TABLES `asistencia` WRITE;
/*!40000 ALTER TABLE `asistencia` DISABLE KEYS */;
INSERT INTO `asistencia` VALUES (16,'MUGA150502MCLXRLA8',9,'2025-07-14','falto','2025-07-15 01:18:00'),(17,'JIBA620910MCLMRNO0',9,'2025-07-14','asistio','2025-07-15 01:18:00'),(18,'AUVF180315MCLRLTA0',9,'2025-07-14','asistio','2025-07-15 01:18:00'),(19,'PUEJ140618HCLNSNA6',9,'2025-07-14','falto','2025-07-15 01:18:00'),(20,'MOHN170918MCLRLNA2',9,'2025-07-14','falto','2025-07-15 01:18:00'),(21,'CAMS031231HCLHRNA3',9,'2025-07-14','falto','2025-07-15 01:18:00'),(32,'COLM180808HCLBBTA0',9,'2025-07-14','falto','2025-07-15 01:18:00'),(35,'AITB140621MCLVTRA8',10,'2025-07-15','asistio','2025-07-15 22:48:57'),(36,'MEML140402HCLNNSA1',10,'2025-07-15','falto','2025-07-15 22:48:57'),(37,'COLM200716HCLBBXA7',10,'2025-07-15','falto','2025-07-15 22:48:57'),(38,'PEPS110620HCLRRNA3',10,'2025-07-15','falto','2025-07-15 22:48:57');
/*!40000 ALTER TABLE `asistencia` ENABLE KEYS */;
UNLOCK TABLES;

--
-- Table structure for table `clases`
--

DROP TABLE IF EXISTS `clases`;
/*!40101 SET @saved_cs_client     = @@character_set_client */;
/*!40101 SET character_set_client = utf8 */;
CREATE TABLE `clases` (
  `id` int(11) NOT NULL AUTO_INCREMENT,
  `nombre` varchar(50) NOT NULL,
  PRIMARY KEY (`id`),
  UNIQUE KEY `nombre` (`nombre`)
) ENGINE=InnoDB DEFAULT CHARSET=utf8mb4 COLLATE=utf8mb4_unicode_ci;
/*!40101 SET character_set_client = @saved_cs_client */;

--
-- Dumping data for table `clases`
--

LOCK TABLES `clases` WRITE;
/*!40000 ALTER TABLE `clases` DISABLE KEYS */;
/*!40000 ALTER TABLE `clases` ENABLE KEYS */;
UNLOCK TABLES;

--
-- Table structure for table `dias_sin_clase`
--

DROP TABLE IF EXISTS `dias_sin_clase`;
/*!40101 SET @saved_cs_client     = @@character_set_client */;
/*!40101 SET character_set_client = utf8 */;
CREATE TABLE `dias_sin_clase` (
  `id` int(11) NOT NULL AUTO_INCREMENT,
  `clase_id` int(11) NOT NULL,
  `fecha` date NOT NULL,
  `motivo` enum('cancelada','vacaciones') NOT NULL,
  PRIMARY KEY (`id`),
  UNIQUE KEY `clase_id` (`clase_id`,`fecha`),
  CONSTRAINT `dias_sin_clase_ibfk_1` FOREIGN KEY (`clase_id`) REFERENCES `clases` (`id`)
) ENGINE=InnoDB DEFAULT CHARSET=utf8mb4 COLLATE=utf8mb4_unicode_ci;
/*!40101 SET character_set_client = @saved_cs_client */;

--
-- Dumping data for table `dias_sin_clase`
--

LOCK TABLES `dias_sin_clase` WRITE;
/*!40000 ALTER TABLE `dias_sin_clase` DISABLE KEYS */;
/*!40000 ALTER TABLE `dias_sin_clase` ENABLE KEYS */;
UNLOCK TABLES;

--
-- Table structure for table `horario_alumnos`
--

DROP TABLE IF EXISTS `horario_alumnos`;
/*!40101 SET @saved_cs_client     = @@character_set_client */;
/*!40101 SET character_set_client = utf8 */;
CREATE TABLE `horario_alumnos` (
  `horario_id` int(11) NOT NULL,
  `alumno_curp` varchar(18) NOT NULL,
  PRIMARY KEY (`horario_id`,`alumno_curp`),
  KEY `alumno_curp` (`alumno_curp`),
  CONSTRAINT `horario_alumnos_ibfk_1` FOREIGN KEY (`horario_id`) REFERENCES `horarios` (`id`) ON DELETE CASCADE,
  CONSTRAINT `horario_alumnos_ibfk_2` FOREIGN KEY (`alumno_curp`) REFERENCES `alumnos` (`curp`) ON DELETE CASCADE
) ENGINE=InnoDB DEFAULT CHARSET=utf8mb4 COLLATE=utf8mb4_unicode_ci;
/*!40101 SET character_set_client = @saved_cs_client */;

--
-- Dumping data for table `horario_alumnos`
--

LOCK TABLES `horario_alumnos` WRITE;
/*!40000 ALTER TABLE `horario_alumnos` DISABLE KEYS */;
/*!40000 ALTER TABLE `horario_alumnos` ENABLE KEYS */;
UNLOCK TABLES;

--
-- Table structure for table `horario_profesores`
--

DROP TABLE IF EXISTS `horario_profesores`;
/*!40101 SET @saved_cs_client     = @@character_set_client */;
/*!40101 SET character_set_client = utf8 */;
CREATE TABLE `horario_profesores` (
  `horario_id` int(11) NOT NULL,
  `profesor_id` int(11) NOT NULL,
  PRIMARY KEY (`horario_id`,`profesor_id`),
  KEY `profesor_id` (`profesor_id`),
  CONSTRAINT `horario_profesores_ibfk_1` FOREIGN KEY (`horario_id`) REFERENCES `horarios` (`id`) ON DELETE CASCADE,
  CONSTRAINT `horario_profesores_ibfk_2` FOREIGN KEY (`profesor_id`) REFERENCES `profesores` (`id`) ON DELETE CASCADE
) ENGINE=InnoDB DEFAULT CHARSET=utf8mb4 COLLATE=utf8mb4_unicode_ci;
/*!40101 SET character_set_client = @saved_cs_client */;

--
-- Dumping data for table `horario_profesores`
--

LOCK TABLES `horario_profesores` WRITE;
/*!40000 ALTER TABLE `horario_profesores` DISABLE KEYS */;
/*!40000 ALTER TABLE `horario_profesores` ENABLE KEYS */;
UNLOCK TABLES;

--
-- Table structure for table `horarios`
--

DROP TABLE IF EXISTS `horarios`;
/*!40101 SET @saved_cs_client     = @@character_set_client */;
/*!40101 SET character_set_client = utf8 */;
CREATE TABLE `horarios` (
  `id` int(11) NOT NULL AUTO_INCREMENT,
  `tema_id` int(11) NOT NULL,
  `dia_semana` enum('Lunes','Martes','Miércoles','Jueves','Viernes','Sábado','Domingo') NOT NULL,
  `hora_inicio` time NOT NULL,
  `hora_fin` time NOT NULL,
  PRIMARY KEY (`id`),
  KEY `tema_id` (`tema_id`),
  KEY `idx_horarios_dia_tema` (`dia_semana`,`tema_id`),
  CONSTRAINT `horarios_ibfk_1` FOREIGN KEY (`tema_id`) REFERENCES `temas` (`id`) ON DELETE CASCADE
) ENGINE=InnoDB AUTO_INCREMENT=12 DEFAULT CHARSET=utf8mb4 COLLATE=utf8mb4_unicode_ci;
/*!40101 SET character_set_client = @saved_cs_client */;

--
-- Dumping data for table `horarios`
--

LOCK TABLES `horarios` WRITE;
/*!40000 ALTER TABLE `horarios` DISABLE KEYS */;
/*!40000 ALTER TABLE `horarios` ENABLE KEYS */;
UNLOCK TABLES;

--
-- Table structure for table `pagos_mensualidad`
--

DROP TABLE IF EXISTS `pagos_mensualidad`;
/*!40101 SET @saved_cs_client     = @@character_set_client */;
/*!40101 SET character_set_client = utf8 */;
CREATE TABLE `pagos_mensualidad` (
  `id` int(11) NOT NULL AUTO_INCREMENT,
  `alumno_curp` varchar(18) DEFAULT NULL,
  `año` int(11) DEFAULT NULL,
  `mes` int(11) DEFAULT NULL,
  `fecha_pago` timestamp NOT NULL DEFAULT current_timestamp(),
  `monto` decimal(10,2) NOT NULL DEFAULT 0.00,
  PRIMARY KEY (`id`),
  UNIQUE KEY `alumno_curp` (`alumno_curp`,`año`,`mes`),
  CONSTRAINT `pagos_mensualidad_ibfk_1` FOREIGN KEY (`alumno_curp`) REFERENCES `alumnos` (`curp`) ON DELETE CASCADE
) ENGINE=InnoDB AUTO_INCREMENT=7 DEFAULT CHARSET=utf8mb4 COLLATE=utf8mb4_unicode_ci;
/*!40101 SET character_set_client = @saved_cs_client */;

--
-- Dumping data for table `pagos_mensualidad`
--

LOCK TABLES `pagos_mensualidad` WRITE;
/*!40000 ALTER TABLE `pagos_mensualidad` DISABLE KEYS */;
INSERT INTO `pagos_mensualidad` VALUES (5,'PUEJ140618HCLNSNA6',2025,7,'2025-07-15 01:40:52',850.00),(6,'FUMF111219MCLNCRA1',2025,7,'2025-07-15 02:17:37',850.00);
/*!40000 ALTER TABLE `pagos_mensualidad` ENABLE KEYS */;
UNLOCK TABLES;

--
-- Table structure for table `profesores`
--

DROP TABLE IF EXISTS `profesores`;
/*!40101 SET @saved_cs_client     = @@character_set_client */;
/*!40101 SET character_set_client = utf8 */;
CREATE TABLE `profesores` (
  `id` int(11) NOT NULL AUTO_INCREMENT,
  `nombre` varchar(100) NOT NULL,
  PRIMARY KEY (`id`)
) ENGINE=InnoDB AUTO_INCREMENT=6 DEFAULT CHARSET=utf8mb4 COLLATE=utf8mb4_unicode_ci;
/*!40101 SET character_set_client = @saved_cs_client */;

--
-- Dumping data for table `profesores`
--

LOCK TABLES `profesores` WRITE;
/*!40000 ALTER TABLE `profesores` DISABLE KEYS */;
INSERT INTO `profesores` VALUES (1,'Jorge'),(2,'Raul'),(3,'Nahida'),(4,'Yanfei'),(5,'danile');
/*!40000 ALTER TABLE `profesores` ENABLE KEYS */;
UNLOCK TABLES;

--
-- Table structure for table `subsubtemas`
--

DROP TABLE IF EXISTS `subsubtemas`;
/*!40101 SET @saved_cs_client     = @@character_set_client */;
/*!40101 SET character_set_client = utf8 */;
CREATE TABLE `subsubtemas` (
  `id` int(11) NOT NULL AUTO_INCREMENT,
  `subtema_id` int(11) NOT NULL,
  `nombre` varchar(255) NOT NULL,
  `orden` int(11) DEFAULT 1,
  PRIMARY KEY (`id`),
  KEY `subtema_id` (`subtema_id`),
  CONSTRAINT `subsubtemas_ibfk_1` FOREIGN KEY (`subtema_id`) REFERENCES `subtemas` (`id`) ON DELETE CASCADE
) ENGINE=InnoDB AUTO_INCREMENT=106 DEFAULT CHARSET=utf8mb4 COLLATE=utf8mb4_unicode_ci;
/*!40101 SET character_set_client = @saved_cs_client */;

--
-- Dumping data for table `subsubtemas`
--

LOCK TABLES `subsubtemas` WRITE;
/*!40000 ALTER TABLE `subsubtemas` DISABLE KEYS */;
INSERT INTO `subsubtemas` VALUES (39,30,'ANATOMIA DE LA BATERIA',1),(40,30,'4TOS',2),(41,30,'SIMPLE - DOBLE - FLAM',3),(42,30,'CORCHEA  EN TOMS',4),(43,30,'4TOS             C/R  EN 4 TIEMPOS',5),(44,30,'4TOS            C/R  EN 2 TIEMPOS',6),(45,30,'8VOS',7),(46,30,'8VOS             C/R EN 4 TIEMPOS',8),(47,30,'8VOS             C/R EN 2 TIEMPOS',9),(48,30,'SEMICORCHEA',10),(49,30,'4TOS                C/R EN 4 TIEMPOS',11),(50,30,'4TOS               C/R EN 2 TIEMPOS',12),(51,30,'8VOS              C/R EN 4 TIEMPOS',13),(52,30,'8VOS              C/R EN 2 TIEMPOS',14),(53,30,'4TOS              C/R EN SEMI Y CORCHEA 4 TIEMPOS',15),(54,30,'4TOS              C/R EN SEMI Y CORCHEA 2 TIEMPOS',16),(55,30,'8VOS              C/R EN SEMI CORCHEA 4 TIEMPOS',17),(56,30,'8VOS              C/R EN SEMI CORCHEA 2 TIEMPOS',18),(57,30,'TRESILLO',19),(58,30,'METRICA COMBINADA',20),(59,30,'RITMO 1 - 2 - 3 - 4 - 5',21),(60,30,'RITMO 6 - 7 - 8 - 9 - 10',22),(61,46,'ANATOMIA DE GUITARRA',1),(62,46,'A - E - D',2),(63,46,'RITMO DEL 1 AL 4',3),(64,46,'G - C',4),(65,46,'Am - Em - Dm',5),(66,46,'D7 - G7',6),(67,46,'CIRCULO DE C',7),(68,46,'CIRCULO DE G',8),(69,46,'RITMO DEL 5 AL 10',9),(70,46,'E - Em . E7',10),(71,46,'A - Am - A7',11),(72,46,'F - B',12),(73,46,'TABLA DE GRADOS ARMONICOS',13),(74,46,'GUITARRA POR NOTA',14),(75,46,'F - F# - G',15),(76,46,'A - A# - B',16),(77,46,'CIBRADO AMERICANO',17),(78,46,'CIRCULO DE A',18),(79,46,'CIRCULO DE E',19),(80,46,'CIRCULO DE D',20),(81,46,'CIRCULO DE F',21),(82,46,'CIRCULO DE B',22),(83,47,'TECNICAS BASICAS  HAMMER ON',1),(84,47,'TECNICAS BASICAS PULL OFF',2),(85,47,'TECNICAS BASICAS BENDING',3),(86,47,'TECNICAS BASICAS SLIDE',4),(87,47,'TECNICAS BASICAS TAPPING',5),(88,47,'LECTURA DE TABS  CANCION 1',6),(89,47,'LECTURA DE TABS CANCION 2',7),(90,47,'LECTURA DE TABS CANCION 3',8),(91,47,'LECTURA DE TABS CANCION 4',9),(92,47,'5TAS CUERDA 6',10),(93,47,'5TAS CUERDA 5',11),(94,47,'CANCION 1  QUINTAS',12),(95,47,'CANCION 2 QUINTAS',13),(96,47,'CANCION 3 QUINTAS',14),(97,47,'CANCION 4 QUINTAS',15),(98,47,'CANCION 5 QUINTAS',16),(99,47,'RELATIVAS          C - Am - F - G',17),(100,47,'RELATIVAS           D - Bm - G - A',18),(101,47,'RELATIVAS           E  - C#m - A - B',19),(102,47,'RELATIVAS           F - Dm - A# - C',20),(103,47,'RELATIVAS            G - Em - C - D',21),(104,47,'RELATIVAS             A - F#m - D - E',22),(105,47,'RELATIVA                B - G#m - E - F#',23);
/*!40000 ALTER TABLE `subsubtemas` ENABLE KEYS */;
UNLOCK TABLES;

--
-- Table structure for table `subtemas`
--

DROP TABLE IF EXISTS `subtemas`;
/*!40101 SET @saved_cs_client     = @@character_set_client */;
/*!40101 SET character_set_client = utf8 */;
CREATE TABLE `subtemas` (
  `id` int(11) NOT NULL AUTO_INCREMENT,
  `tema_id` int(11) NOT NULL,
  `nombre` varchar(100) NOT NULL,
  `orden` int(11) DEFAULT 0,
  PRIMARY KEY (`id`),
  KEY `tema_id` (`tema_id`),
  CONSTRAINT `subtemas_ibfk_1` FOREIGN KEY (`tema_id`) REFERENCES `temas` (`id`) ON DELETE CASCADE
) ENGINE=InnoDB AUTO_INCREMENT=86 DEFAULT CHARSET=utf8mb4 COLLATE=utf8mb4_unicode_ci;
/*!40101 SET character_set_client = @saved_cs_client */;

--
-- Dumping data for table `subtemas`
--

LOCK TABLES `subtemas` WRITE;
/*!40000 ALTER TABLE `subtemas` DISABLE KEYS */;
INSERT INTO `subtemas` VALUES (22,9,'NIVEL 1',1),(23,9,'NIVEL 2',2),(24,9,'NIVEL 3',3),(25,9,'NIVEL 4',4),(26,9,'NIVEL 5',5),(27,9,'NIVEL 6',6),(28,9,'NIVEL 7',7),(29,9,'NIVEL 8',8),(30,10,'NIVEL1',1),(31,10,'NIVEL 2',2),(32,10,'NIVEL 3',3),(33,10,'NIVEL 4',4),(34,10,'NIVEL 5',5),(35,10,'NIVEL 6',6),(36,10,'NIVEL 7',7),(37,10,'NIVEL 8',8),(38,11,'NIVEL 1',1),(39,11,'NIVEL 2',2),(40,11,'NIVEL 3',3),(41,11,'NIVEL 4',4),(42,11,'NIVEL 5',5),(43,11,'NIVEL 6',6),(44,11,'NIVEL 7',7),(45,11,'NIVEL 8',8),(46,12,'NIVEL 1',1),(47,12,'NIVEL 2',2),(48,12,'NIVEL 3',3),(49,12,'NIVEL 4',4),(50,12,'NIVEL 5',5),(51,12,'NIVEL 6',6),(52,12,'NIVEL 7',7),(53,12,'NIVEL 8',8),(54,13,'NIVEL 1',1),(55,13,'NIVEL 2',2),(56,13,'NIVEL 3',3),(57,13,'NIVEL 4',4),(58,13,'NIVEL 5',5),(59,13,'NIVEL 6',6),(60,13,'NIVEL 7',7),(61,13,'NIVEL 8',8),(62,14,'NIVEL 1',1),(63,14,'NIVEL 2',2),(64,14,'NIVEL 3',3),(65,14,'NIVEL 4',4),(66,14,'NIVEL 5',5),(67,14,'NIVEL 6',6),(68,14,'NIVEL 7',7),(69,14,'NIVEL 8',8),(70,15,'NIVEL 1',1),(71,15,'NIVEL 2',2),(72,15,'NIVEL 3',3),(73,15,'NIVEL 4',4),(74,15,'NIVEL 5',5),(75,15,'NIVEL 6',6),(76,15,'NIVEL 7',7),(77,15,'NIVEL 8',8),(78,16,'NIVEL 1',1),(79,16,'NIVEL 2',2),(80,16,'NIVEL 3',3),(81,16,'NIVEL 4',4),(82,16,'NIVEL 5',5),(83,16,'NIVEL 6',6),(84,16,'NIVEL 7',7),(85,16,'NIVEL 8',8);
/*!40000 ALTER TABLE `subtemas` ENABLE KEYS */;
UNLOCK TABLES;

--
-- Table structure for table `temas`
--

DROP TABLE IF EXISTS `temas`;
/*!40101 SET @saved_cs_client     = @@character_set_client */;
/*!40101 SET character_set_client = utf8 */;
CREATE TABLE `temas` (
  `id` int(11) NOT NULL AUTO_INCREMENT,
  `nombre` varchar(100) NOT NULL,
  PRIMARY KEY (`id`)
) ENGINE=InnoDB AUTO_INCREMENT=17 DEFAULT CHARSET=utf8mb4 COLLATE=utf8mb4_unicode_ci;
/*!40101 SET character_set_client = @saved_cs_client */;

--
-- Dumping data for table `temas`
--

LOCK TABLES `temas` WRITE;
/*!40000 ALTER TABLE `temas` DISABLE KEYS */;
INSERT INTO `temas` VALUES (9,'PIANO'),(10,'DRUMS'),(11,'VIOLIN'),(12,'GUITARRA'),(13,'DIBUJO'),(14,'BAJO'),(15,'CANTO'),(16,'INICIACION MUSICAL');
/*!40000 ALTER TABLE `temas` ENABLE KEYS */;
UNLOCK TABLES;
/*!40103 SET TIME_ZONE=@OLD_TIME_ZONE */;

/*!40101 SET SQL_MODE=@OLD_SQL_MODE */;
/*!40014 SET FOREIGN_KEY_CHECKS=@OLD_FOREIGN_KEY_CHECKS */;
/*!40014 SET UNIQUE_CHECKS=@OLD_UNIQUE_CHECKS */;
/*!40101 SET CHARACTER_SET_CLIENT=@OLD_CHARACTER_SET_CLIENT */;
/*!40101 SET CHARACTER_SET_RESULTS=@OLD_CHARACTER_SET_RESULTS */;
/*!40101 SET COLLATION_CONNECTION=@OLD_COLLATION_CONNECTION */;
/*!40111 SET SQL_NOTES=@OLD_SQL_NOTES */;

-- Dump completed on 2025-07-16 13:00:26
